gene,link1,barcode,link2
1500009L16Rik,atata,TGAACGTATATCACCGGTCA,atata
1700020I14Rik,atata,GATCGACTCGGTACTCTTCG,atata
2900055J20Rik,atata,GTTCTTCGGTATAACGACGC,atata
3110035E14Rik,atata,TAATTTTATGACACCGGGCA,atata
4921539H07Rik,atata,TTAAGACCGATTTAGGTGCC,atata
6330403A02Rik,atata,GTCGGAATTGGCAGTAAGTC,atata
6330403K07Rik,atata,GATTAAATCTCGCCGGTGAC,atata
A230065H16Rik,atata,GAATTATAGACCCGGCACTT,atata
A730017C20Rik,atata,CATCGTAAGCCACGTGATTC,atata
Abhd11os,atata,GCTCACGTGATTTGATCCAC,atata
Abi3bp,atata,TTTACGACTGGACGGATCTC,atata
Actr3b,atata,GGGTTGATCGTCATTTCTCG,atata
Adarb2,atata,CGTATGAAGTCTCGGTAACC,atata
Adcy1,atata,GGTCCTTTAAACCCGTCATA,atata
Adcyap1,atata,ATGCAACTTACGCGAAAGTC,atata
Adora2a,atata,TAGTGGGACTTATCCGAAGA,atata
Adra1b,atata,CCGTCATCGCAATTCAACAA,atata
Adra2a,atata,CCTCTTAACAAGCGGTTGTT,atata
Afp,atata,GCTGTTAACTTTTCCGCAGA,atata
AI593442,atata,AAAATTGCGAATCCCAACCT,atata
Ak5,atata,CGTGAAAGACCGTACTAACC,atata
Aldh1a1,atata,GTAGAGTTTTACCGAGTGCG,atata
Aldh3b2,atata,TGTAGTTACCGACATTACCG,atata
Aldoa,atata,GCACTGGTATCGGTGAAAAT,atata
Aldoc,atata,TCGGATAATCGGTTCCTTCA,atata
Amigo2,atata,GTTAATTCTACGGACGTCGC,atata
Amn,atata,GGTACGTATCGATAAGCTCC,atata
Ap1s2,atata,TTATAGATAGGTTGCGTGCC,atata
Apoe,atata,CCGTCGCTCTGAGTATATGT,atata
App,atata,TCCAGTAATTTGGCGAAAGG,atata
Arc,atata,ACGGCTATATGTATCAAGGG,atata
Arhgap36,atata,TCGCTCGTTCATCGGTATAT,atata
Arl4c,atata,TGTGAATCGTCCTGGTAGTC,atata
Arpc2,atata,GATCATCGCGTTCGTGAGTA,atata
Arpp19,atata,GCTCGCATTCTCCGTTAAAG,atata
Arpp21,atata,TTAGGGACTACGCTAGTGTT,atata
Asb4,atata,CGATTGAGCTTCGATCGTGA,atata
Asic2,atata,GGCTGATCGTCGATCTGTTA,atata
Asic4,atata,AGTTTCTTAGCCGCTACGAT,atata
Atp1a2,atata,AGAAGTCATTCGCTTACGCT,atata
Atp1a3,atata,TAGGTTTTAGACCGCTTGTG,atata
Atp1b1,atata,GGTTCTTGTATAGGCCGTAA,atata
Atp2b1,atata,GATCTCGTGTTTTGGTCCAG,atata
Atp2b2,atata,ATACGCACGTACTGAACAGT,atata
Atp2b4,atata,GTTTTATCGGAGATGCGGAG,atata
Atp5j,atata,GCGCAGTTTTACTCGGATTT,atata
Atp6ap1,atata,ATATTTCTGACGTCGGTGGA,atata
Atp6ap1l,atata,TCAAGAGCATCGAGATTCGC,atata
Atp6ap2,atata,AACTTTTGCGTCGCATTCAG,atata
Atp6v0d1,atata,TATTTCGTTAACCCTGACCG,atata
AW551984,atata,TCGCGGTAAATGATCGATCT,atata
Nts,atata,AAATTCGGATGATCGGGTTC,atata
Ntsr1,atata,ACTTATGTCGCAGATTGCCT,atata
Nwd2,atata,GCAGTCGTAAGTCACGTTCT,atata
Nxn,atata,ATTATGATTCGTTAGCGCGC,atata
Nxph1,atata,TCACTTGAGGCGTATCAGTG,atata
Nxph3,atata,TAAAACACGTTAGCGGATCG,atata
Nxph4,atata,GATGCGGTATACCTCCATTA,atata
Oaz1,atata,GACTGTTTATAGCCGCCAAT,atata
Ogfrl1,atata,GCTTTTAGTCCGATTGCCAA,atata
Olfm1,atata,TACGCTGATTCTGGTATCGT,atata
Olfm3,atata,GTACGGGTACATCCAATCAT,atata
Olig1,atata,TTATACTCGTACGCGCTCTT,atata
Opcml,atata,GCTGTCGTGTTTCACGTTAG,atata
Oprk1,atata,CGTACGCTGAACGTGTTTAG,atata
Ostf1,atata,AGTTACCAATAGGTTGGGTC,atata
Otp,atata,ATGGCACGTTAGTTACGAGA,atata
Oxt,atata,AGTATAAGGGCGATGTAACG,atata
Oxtr,atata,TTATTTTCCGGAAGCGACTC,atata
Pantr1,atata,GCCATTTAGTCAACGACTCG,atata
Parm1,atata,GTGGGCTCGATTTATCTAGC,atata
Pbx3,atata,GCATTCAAGTATCCCGCTAT,atata
Pcdh11x,atata,ATAGCGCTTTTGCTTACCAG,atata
Pcdh7,atata,ACTTATCTTGCCTACCGTCT,atata
Pcdh8,atata,ACTTTCCTGGCGATACAAAC,atata
Pcdh9,atata,CGTTGCTAAGAAGTACGACC,atata
Pcp2,atata,TGTTTCAACGCCTTTTCAGG,atata
Pcp4,atata,GAACTCGGAGTACACGTCTT,atata
Pcp4l1,atata,TATACGCATTGGGTAACGAC,atata
Pcsk1n,atata,ACCTCCAATCCTTAGACGAG,atata
Pcsk5,atata,CTCACACAACGGTTGTTCAC,atata
Pde10a,atata,TTCTAGGTGCGGTAATCTGT,atata
Pde1a,atata,TTACTATCTATTTCGGGCGG,atata
Pde1c,atata,CAAAGTTGTCCGTGCTTACA,atata
Pdyn,atata,ATATGGTATTGGCGATCCAC,atata
Pdzd2,atata,ATACTGGGTCTCATGCGTAA,atata
Peg10,atata,TTAGAGTGCGTTACATGCGA,atata
Penk,atata,ACGCTGTATTCAACGTCTGA,atata
Pfn1,atata,AATAATCTGGCGCAAAGGAC,atata
Pgr15l,atata,CAGGTAATAGTCGCGTACTC,atata
Phlda1,atata,AGGTCGTCGTTCGTAACATT,atata
Phlda3,atata,TCACGTATAGTCACGTCGAC,atata
Phox2b,atata,TTTACATCGTGTGGTCAACC,atata
Pkib,atata,GTTGTTACGTACCTCACGTC,atata
Pkig,atata,GTTTTAAAGCGCAACCCATC,atata
Plcb4,atata,ATCGTTAGACCTCACTTCCG,atata
Plcxd2,atata,AGGACGTTGATCGATTCTCC,atata
Pld3,atata,CTTCGTACATTACGACAGGG,atata
Pld5,atata,CTGTTAACGTATAGCCTGCA,atata
Plp1,atata,TATTCAAGTTCGGAAACGCC,atata
Plppr4,atata,GACGTATCTATTAGGGGCAG,atata
Pmch,atata,GTTCGCGTAGGATAACTGAG,atata
Pmp22,atata,TCGATTGCGTAACCTGAGTA,atata
Pnck,atata,TGTCACACCTCACGAAGTTA,atata
Pnmal1,atata,TGATAGGCTATTCGAGGGTA,atata
Pnoc,atata,TGGACTTATAGCACGGTTTC,atata
Postn,atata,CCTGATAGACACGATCCACT,atata
Pou2f2,atata,TTGGAGCGACTTTTACCAAC,atata
Pou3f1,atata,TCGTATTGAGTCTTCGCCTT,atata
Pou3f2,atata,TTCTATAGCGAGAGCACCTG,atata
Pou4f1,atata,TATGTCAAATAGCGGTCACC,atata
Ppargc1a,atata,TTTTAGTTACGGATGTCCGC,atata
Ppp1r1a,atata,GTGACGGTAAGTGCGAATTC,atata
Ppp1r1b,atata,TATCTCCTGAAAGCGAGACG,atata
Ppp1r2,atata,CCCGTAGATTACCGGTTATA,atata
Ppp3ca,atata,AACGTTACTAGAAGCGTGCT,atata
Prdx5,atata,TCATCTATCCGAATACGGGT,atata
Prima1,atata,GCTCGTTACTTGGTCGATAC,atata
Prkca,atata,ACGCTCCACTCATTCGATTA,atata
Prkcd,atata,CGGTTCGGAACTAATCCTTT,atata
Prkcg,atata,GGCCGTCATGTTCTCAATAA,atata
Prkcq,atata,AAGATTCTTTCACGCCTGGA,atata
Prlr,atata,TAGTTGCGTCGTGACATGTA,atata
Prok2,atata,GTCGTTACGGCCTCTAAATT,atata
Prph,atata,GATATCATCCGCGGTTTGAG,atata
Prss12,atata,GATATAATCCTCGTGGCTGC,atata
Prune2,atata,GGCGTAATATTTTACGGGTC,atata
Ptgds,atata,CTCGTGCCGTGAAACTTTAA,atata
Pthlh,atata,CCAGACTGTGCTCGTTATCT,atata
Ptk2b,atata,AATGGATACCCGTCTGAGTT,atata
Ptma,atata,GTACGGTAATCCACAAGCTA,atata
Ptn,atata,TATATCGTATCTTTCGCCGG,atata
Ptpru,atata,TCATAGCTTTCACGTCCCTA,atata
Pura,atata,TCTAATGTCGTGGATAGCGA,atata
Pvalb,atata,ATGACACGCTGCGAAAGATA,atata
Qpct,atata,TAATCAAGCATTCGTTCGGG,atata
Rab3b,atata,GTGAACTGTCGAAGGCAATG,atata
Rab3c,atata,GATATTCGGATCTTGGCTCG,atata
Ralyl,atata,CTATATTGGTTCACCGCGAT,atata
Ramp1,atata,GTATATCACAACCGTGACGC,atata
Ramp3,atata,AAAACCATATACAGCCGTCG,atata
Rasd1,atata,CTATCATGGTAGGTTGCGTG,atata
Rasd2,atata,GTAACGTCATGATACTCGCG,atata
Rasgrf2,atata,GTTTATCTCACGTTCGTCGC,atata
Rasgrp1,atata,GCATGAATAAAACTCCGGCT,atata
Rasl10a,atata,GCAGGTATACTCCGATAGTG,atata
Rasl11b,atata,TTTTGTAACACCGCGACTAG,atata
Rbfox1,atata,GATTCTCGGTGTACGCTTAC,atata
Rbms3,atata,CCTTCGCTTGTAACGCTATT,atata
Rbp4,atata,GAACTTTCGGCTTATCCGTA,atata
Rcn1,atata,AGAACTGATTTTCGGGGACT,atata
Reln,atata,ATGAAGTTCGACGGGTCTAT,atata
Resp18,atata,TGTAAGCCATCGATTCAGGT,atata
Ret,atata,ATATTAGCCGATAAGGGACC,atata
Rgs10,atata,ATTCGTTGGTCGTCATGAGT,atata
Rgs12,atata,CAATACGCGCCTTAGTAAGT,atata
Rgs16,atata,ATAGTTGAAGGTCGTCTCCG,atata
Rgs17,atata,CTCATGCGCAATTACGTCTC,atata
Rgs4,atata,ATATGTTTCCCATTCGCGAG,atata
Rgs5,atata,GATTTGACGGATCGTGTTGG,atata
Rgs6,atata,AGTACTTGAACGACCACGAG,atata
Rgs8,atata,CCAGATTAGGTCCGTTTGAG,atata
Rims4,atata,AGGCGTAGTCGGTTTTAAAG,atata
Rmst,atata,ATTGCAGTTAACGGTACAGC,atata
Rnd2,atata,GCCCACAATCGACTGTATAA,atata
Rnf152,atata,GATCTATAGTTCGTTCGGGC,atata
Rnf182,atata,ATATCTTAGCCGGTGCAATC,atata
Rora,atata,ATAGTTTGCATGTCGTTCGC,atata
Rorb,atata,CTGGCATTATCGTTCTACCG,atata
Rpl26,atata,AGTTTTGGTTAGTCCGGTTC,atata
Rpl29,atata,CATTATACCTCGCACCGAAA,atata
Rpl3,atata,CAATCGTTGTACTCGTGCAC,atata
Rpl41,atata,TCCGTGTTGTATACGAAGCT,atata
Rpp25,atata,ATGATTGTTCTCGGCGTCTT,atata
Rprm,atata,CCATCGATCTATCCGGATCA,atata
Rprml,atata,GTGTTTTAGGCGGTAAAAGG,atata
Rps2,atata,TGTTCCGATGTGTAGAGTCG,atata
Rps28,atata,CTGGACTATTATGACGGGAC,atata
Rspo1,atata,CAATTTAGATGGGCGGTGAT,atata
Rspo3,atata,GCCGATTAGTGATATGCGAC,atata
Runx1t1,atata,ATTGAAATTGGATCGAGGCC,atata
Rxfp1,atata,TAAAGCTACAGCGGTAGTCT,atata
S100a11,atata,CTCGTAATGGCTCATTAGGC,atata
S100a6,atata,GACTAACGGGTCCATCAAAC,atata
Satb1,atata,TCGACATTTGCGTATTGGTG,atata
Scg2,atata,GTGAAAGTTCGTGCACAGTG,atata
Scg5,atata,ACTTAGTAGATCGCGCGAAT,atata
Scn1a,atata,TCGCTATTGACAAACCGAGT,atata
Scn1b,atata,GTAAGTAACCAATCGGTGCT,atata
Scn3a,atata,AATCGAGCGTCAGTCATAGG,atata
Scn4b,atata,AATTACGCGGCAAACTAGTC,atata
Scn9a,atata,AACCAAGAGTTATCGCGTGA,atata
Scrg1,atata,TTCGATTGTTCTACCGGACA,atata
Scube1,atata,TATGTTGCTTCGATTGCTGG,atata
Sema3c,atata,TCGTTAAGAAGCGTAGGACT,atata
Sema3e,atata,GTTACAAGCCCGCTAGATTT,atata
Sema5a,atata,CCTTCTATCGATTAGCAGCG,atata
Sepw1,atata,ATGCAAGGGTCAATCGATGA,atata
Serpine2,atata,GTTCCTTACGCTCGAAAGTC,atata
Serpini1,atata,ATGACGATCGGTTTCAACCT,atata
Sfrp1,atata,AAGTTCACGTCTCCGAACTT,atata
Shisa8,atata,GCGTAGGGCTAATAATCGTT,atata
Shox2,atata,GTCACCAACGAGACTCTTGT,atata
Six3,atata,CGAGGTTCGATAGCTCGAAT,atata
Sla,atata,TTATTGGTAAGTCCTGCGTC,atata
Slc10a4,atata,ATCCAATCGATCTGACGCAG,atata
Slc17a6,atata,TTTGCAGGTTCGTCGTAATG,atata
Slc17a7,atata,ATTTTACTTCCGTAGTCCGC,atata
Slc17a8,atata,AAGCTGTTGTTCGGGTTTAC,atata
Slc18a2,atata,ATTAGCACGAACGGTCTCTT,atata
Slc18a3,atata,GACATGATCGTGCGACTCTA,atata
Slc1a2,atata,CGTCTAACCAGACCGTTAAC,atata
Slc1a3,atata,AGTCCGAACGTAGATTCCAG,atata
Slc1a6,atata,CAGTATCCGGCTTCGTATTT,atata
Slc22a3,atata,TTCGTCTTAGTACGATCGCA,atata
Slc24a2,atata,AATACGGTCGACGACTCATT,atata
Slc25a1,atata,GCGAGTTTTCGTTAATGGGA,atata
Slc30a3,atata,GTTATATGATATCGCCCGCA,atata
Slc32a1,atata,GACGGAGTTGTATCCAACAG,atata
Slc5a7,atata,TACAGAGACGTTTCCCGTAT,atata
Slc6a1,atata,AGTTCCGGTTTTACGGTTTT,atata
Slc6a11,atata,GGTCCGAAAACGCTCTTATT,atata
Slc6a17,atata,GTTCGGGAGATCCAACTCTA,atata
Slc6a3,atata,AATTCAACGGGTTCGTTCAG,atata
Slc6a4,atata,GTTTCGGTCGCTTACAAGTA,atata
Slc6a5,atata,AGTTGAAATTGATGTGCCGG,atata
Slc7a14,atata,ATCCTCACGCGAGTAGTAAT,atata
Sln,atata,ACAAGCTATGCAGTAGCGAT,atata
Snap25,atata,TGGTGATCGACTGGAGTTTA,atata
Snca,atata,AGGATTGATAGACCGACTCC,atata
Sncb,atata,GTAGAGACGCTTATCGTGGA,atata
Sncg,atata,ATCTTTTGGAACGGTCCAAC,atata
Snhg11,atata,ACTGTTGTAAGCCGTACTCA,atata
Sorcs1,atata,CGATAATGGATCGTTGAGGC,atata
Sorcs3,atata,TATCTTGCGATGAAATGGGC,atata
Sostdc1,atata,GTAGTCATGAACAGCGGTTG,atata
Sox11,atata,AGAATCGTCCAGCTAGTACG,atata
Sparc,atata,TTTCGTACGTTACCTGGTAG,atata
Sparcl1,atata,TCTGAGCCGTTAGTATACCA,atata
Sphkap,atata,CTCCTCCAAATGCGATCTCA,atata
Spink8,atata,TATGTTACGACGACGTTGGA,atata
Spon1,atata,TATGACAAGACCTCGGGTAA,atata
Spp1,atata,GATCCGTTAAATCTTCCCGT,atata
Sst,atata,GAAGCGATCGTGCTAGTAGT,atata
Sstr2,atata,AAGTCGTAATGAACCGTTGG,atata
St8sia6,atata,ATGGTAACACCAATACGACG,atata
Stac,atata,GTTACATTAGTTGACGGCCT,atata
Steap2,atata,AAGACTCGGCTTTCATCGAC,atata
Stk32c,atata,TATCTGGGTACGATCGACTC,atata
Stmn1,atata,ACTCCCTCGAAAGACGAATG,atata
Stx1a,atata,TTCGCTTCAGTTTTGGAACG,atata
Sulf2,atata,CTCCCGATAGTTATGACGTG,atata
Sv2b,atata,CCTTTGAAGATCACGCTAGG,atata
Sv2c,atata,AAGCGTATGGACGTTAGACA,atata
Syndig1,atata,TACTTGACGCCAGTAGAGTC,atata
Syndig1l,atata,ATGACGTTTGTAACCCTGTG,atata
Synpr,atata,TTATTTGGCACGTATCGACC,atata
Syt1,atata,GGTTAGTCTACGCACGTATG,atata
Syt2,atata,CACGTTATCCTAACGAGACG,atata
Syt4,atata,AAGCTTTCAGATCGGGTCAT,atata
Syt6,atata,GGTTCTCGATATTGTGAGCC,atata
Tac1,atata,ATCGCGTGGTTTATATTCGC,atata
Tac2,atata,ATAGTTGCCACACGACTGAT,atata
Tacr1,atata,ATCGAAGATTGTTCCGTCGT,atata
Tacr3,atata,TAACTAATCGAACATCCCGC,atata
Tagln2,atata,TTTATACGCAAAGTCGCAGC,atata
Tbx20,atata,TATTACGAACGTTGATGCGC,atata
Tcerg1l,atata,GAACGTGCATCTATTCGACG,atata
Tcf4,atata,TCTCAATGTTAGACCGTGCT,atata
Tcf7l2,atata,AACAATATATCCGCCGTTGT,atata
Tecr,atata,AGTGTGATGCGACCTTTTGA,atata
Tfap2b,atata,TAAATCTGTTCGGGCCATTT,atata
Th,atata,GTATTTGAGTCGGGTTCCTG,atata
Thrsp,atata,TCGATATACGCTGTGGTCAA,atata
Thsd7a,atata,ACTAACTTATGGTAGCCGTG,atata
Thy1,atata,GCATCATAATATCGCCGACA,atata
Timp3,atata,CCTACACTAACGTCTATGGG,atata
Tmem108,atata,GCGTGATAGGCGTTTCATTT,atata
Tmem114,atata,CTACGGAGGTTTCTAGTCGT,atata
Tmem130,atata,TATTAACCAATTTCGCCGCT,atata
Tmem132c,atata,GGCGTCTTGATTGGACATTC,atata
Tmem158,atata,CGGCGTTACCACTCAATTAT,atata
Tmem159,atata,TAGACACTCGTGATCATCGC,atata
Tmem163,atata,TGTCCTAGTGATGCGTAAGT,atata
Tmem178,atata,ACATTTGTCATTACCGACCC,atata
Tmem255a,atata,ATCTAGGACTATCACCGGAG,atata
Tmem91,atata,GGGTACGCTAATATCTCACG,atata
Tmsb10,atata,AATGGTAACGTCGTAGTTCC,atata
Tmsb4x,atata,GTTACATGGCCGACATAGTT,atata
Tnnc1,atata,GCTATGACGTGATTCGCTTG,atata
Tnnt1,atata,ATGTGTAGCGTACCTCCTAT,atata
Tns1,atata,TCTTATGTCTAGCCCGTAGT,atata
Tpbg,atata,CATAAACGACGGCCTTACTT,atata
Tpbgl,atata,CGCCTAAACGCTGATATGTA,atata
Tpd52l1,atata,GTTAGTCTTTGAACCGCTCC,atata
Tph2,atata,TCCGATCAGGTTCGCTATAA,atata
Tpi1,atata,GTAGTCGATCAATTCGTGCC,atata
Tppp3,atata,CCAAATTCGTTCAGCGCTAA,atata
Trf,atata,AGGGACGAGTATTTGAACGA,atata
Trh,atata,CGTCGACTAGACCTGATCAG,atata
Trhde,atata,GATCGCAACTATCGCTGAAC,atata
Trim54,atata,CTCATTTCGCTCCGTATGAC,atata
Trp53i11,atata,GCTCTTATCCGGCATATCTG,atata
Trpc3,atata,AGAGTACGAGACCGTGATTC,atata
Trps1,atata,AACATAAGTTCTCGCTGCGA,atata
Tshz1,atata,GGCCAAGGTACTGTATTCTG,atata
Tshz2,atata,TTATTATCGGCTCCCCAAAA,atata
Tuba1a,atata,TTCTCGATTTAGCGCAGTGT,atata
Tubb2b,atata,ACAATTCATGCACCTCGACT,atata
Ubash3b,atata,CAACATCGTAGACGGCAATG,atata
Ubb,atata,GGGTTATCGCCATTCAGAAT,atata
Ucn,atata,TATCGGGGCTTACGTATATG,atata
Ucn3,atata,GATCTTAAGCACCGTAGTGG,atata
Ugt8a,atata,ATACGCAGACTTGACTCACC,atata
Unc13c,atata,CTTCGTACTACGGGAACTAC,atata
Unc5d,atata,TGTGGCATTATCCTCGACAT,atata
Uqcrq,atata,GTATTCGAGGCTAACACCTG,atata
Vamp1,atata,GATTAAGTTTCGCTGCTCCG,atata
Vat1,atata,GACGTTATTCTGTCGGCAAA,atata
Vat1l,atata,CAACGTGATGACCGCATTAA,atata
Wfdc18,atata,GAGAGTACGATCCGTCTAGC,atata
Wfs1,atata,GGGCGTCATTATATACCGTA,atata
Vgf,atata,TCTATCAGCCCGTATTTTGG,atata
Vip,atata,TCAGCTAGGCGATAAGCATA,atata
Wipf3,atata,ACCAGCGATGTAACTAAGCT,atata
Wnt4,atata,AGGCTATGTACGTGTCGAAT,atata
Wnt5a,atata,TTTGTCTTGATTTTCGCCCG,atata
Wnt7b,atata,AACTTGATCTATATGCCGGG,atata
Vsnl1,atata,GAGCTAATTTCGACCACAGG,atata
Vstm2a,atata,CCAGACGCGGAATCTAATAC,atata
Vstm2b,atata,CGGGCTTTCGTACTATCAAG,atata
Vstm2l,atata,CTTGGATTTAGACCCCGAAT,atata
Vwc2,atata,CATGCGGTACTTATCGACTC,atata
Xist,atata,TAGTGCCGTTATGTGAATCC,atata
Yjefn3,atata,TTAGCCGTGAATTGAACAGG,atata
Zbtb20,atata,AGGGTAGACCTACCAATTTG,atata
Zcchc12,atata,GCAGTTAACAGTTAGCGAGG,atata
Zeb2,atata,TAGGTCTCTTCATGCCGTAG,atata
Zfhx3,atata,TGTGACACGTCGTAAGCTTA,atata
Zfhx4,atata,TACATAACACTACGGCCTTG,atata
Zfp365,atata,TGGTTCGTTAGTCGATCTCC,atata
Zic1,atata,TTTACAGCCGTTCGTGTAAG,atata
1110008F13Rik,atata,GTGCTTCCGTAGTTTCCTTT,atata
1110008P14Rik,atata,CGGGACTTTTGACGAAACAG,atata
1110065P20Rik,atata,CTTAATACGGGGTATATGGG,atata
1810037I17Rik,atata,ATCTGATCTGCGGTACGATC,atata
1810041L15Rik,atata,TCTGACTGTACGAAGTCGTG,atata
1810058I24Rik,atata,TCTCCGAAGATCCGATATCG,atata
2010107E04Rik,atata,GGCCTATATTCGCGATGTAT,atata
2010300C02Rik,atata,GCTTGTAGACCAACGCAAAT,atata
2210013O21Rik,atata,GTAAGGTCGTAAACGTCGAC,atata
2610001J05Rik,atata,CGTCGATATAACATCTCCGC,atata
2610507B11Rik,atata,GTATTGCAGCTGTATCCGTC,atata
2700094K13Rik,atata,GGTAATCTATGCACCGCTAT,atata
2900011O08Rik,atata,TAGACGTAGCTTGACTCACG,atata
5330434G04Rik,atata,GACTACTCGACGACCTGTAA,atata
6030419C18Rik,atata,GGACGGTTCTACCTGATTTC,atata
6430548M08Rik,atata,TAACCGATTTTGCATCTCGG,atata
9530059O14Rik,atata,GAGCGAATCTGGCACTTATG,atata
A330069E16Rik,atata,GGCGCTAATCCGTCTAATAT,atata
A830039N20Rik,atata,CCGACAATCGGAGAAAAGAC,atata
Aak1,atata,TCAGTAAGGAATCGCGTGAT,atata
Abat,atata,CGAGAGTCTCCCACGATATC,atata
Abca3,atata,AAGGTTTGATCTCGCGACAT,atata
Ablim1,atata,GTCTCTTTCGCAAACTGTGC,atata
Abr,atata,CACGTATGTAAGAACGTCGC,atata
Ache,atata,AATGCCATGCGACCAAATAT,atata
Acly,atata,GCTACAAATAGACGCTGGTT,atata
Aco2,atata,TCTGGAAGACGACGGTAATT,atata
Acot13,atata,CAACTCTCGCCTTACTATGG,atata
Acot7,atata,CTATGATCGGTTGTTCCAGG,atata
Actb,atata,AGTGTAGACTTTACTCGCCA,atata
Actr1b,atata,ATCGAGTCTGCCGTATCTTG,atata
Actr2,atata,GATCGTGATCAACGGTTTGG,atata
Acyp1,atata,CTGTACGTATCGACTGGTCA,atata
Acyp2,atata,TTGTCGGTACTGTCTAGAGC,atata
Adam11,atata,GTTTACCGTAGCTAAGGCAA,atata
Adam23,atata,GTAACCCGTCGTTTATAGGA,atata
Adamts2,atata,CGTGCTTCGCATAACATGTC,atata
Adap1,atata,TTCGTAGAGTATTTCGCCCT,atata
Adarb1,atata,TCTAACCCGTTGAGTCGAAA,atata
Adcy2,atata,AGGTCTCTTACGGTGTTACA,atata
Adcy5,atata,GTATCTAGTACATACCGCCG,atata
Add1,atata,CATCGCTTAAGACCGCATAT,atata
Adgra1,atata,GCTCCTCGGTACGAATTATG,atata
Adgrb1,atata,CAATTACGCGACCAAATCCT,atata
Adgrb2,atata,TATACGCTAACTCGCTCAGT,atata
Adgrf5,atata,GGATAAGTATGACCGTGAGG,atata
Adgrl1,atata,AGCGTGCACTCTGATAATGT,atata
Adgrl2,atata,GTGTCGTAATAAGTTCCCCA,atata
Adora1,atata,TACGCGCTCAGTAGATTTCT,atata
Adora2a  ,atata,ACTGCGGCGTCTATTTATAC,atata
Adrbk2,atata,AAGTCTCGCCACTTAATCGT,atata
Aes,atata,CGCGCTATGTAACGTAACAA,atata
Agap3,atata,GGGAATCTTCCACGTATCAG,atata
Agtpbp1,atata,ATGCATCTAGTTGACCGCTT,atata
Ahi1,atata,ACGTCAAGATAGCGTTAGGT,atata
AI413582,atata,CTGTATTTTCGCCACGTTCT,atata
Ajap1,atata,TGGTCATCGTATTTAGGCAC,atata
Akap11,atata,GGCATAATCGGGTATTGAGT,atata
Akr1a1,atata,CGGTCCAATAGGTGATACAC,atata
Alcam,atata,AATTGTTGAGCGATTCCACC,atata
Alg2,atata,TGGTTTCGACAATCATAGCC,atata
Amotl1,atata,TGCTATTCGGATTTATCCCG,atata
Amph,atata,AGTCCTATATGTCCGATGCT,atata
Ank2,atata,GTACCTGGTTCGTATCTTGC,atata
Ankrd29,atata,GTTGCAAGCGGGATCTTAAA,atata
Ankrd6,atata,TACACTGCCGCATCATAAGA,atata
Anks1b,atata,GTTACATACTCGGTAGCCTC,atata
Anxa5,atata,CAGTTTAGTACCGAAGCTGC,atata
Anxa6,atata,TTACCAGTATAGAGTCGCCT,atata
Ap1s1,atata,ACACCCGTGGTATTTAGTTT,atata
Ap2a2,atata,GTAGATAAACCATCGGCGTC,atata
Ap2b1,atata,AACTTATACGTGGGGTACAG,atata
Ap2m1,atata,TAGGTCTATCGTCTTCTGCG,atata
Ap2s1,atata,AAAGCGTCCCTCATTCTAGA,atata
Apba1,atata,TTTATTGCAATCCGTCCCAA,atata
Apba2,atata,ACCTCGTTCGAAAGTCCTTA,atata
Aplp1,atata,TCAGCCGTTTAAGTCTGCTA,atata
Aplp2,atata,GGAATGTACCCGCTCTTATT,atata
Ar,atata,GAAGATACGTCCTAGCATGC,atata
Arf1,atata,GAATACAGCTTGCGGAATCG,atata
Arf3,atata,TGCGTGGTAGTTTATCAACG,atata
Arf5,atata,GATTCATCAGGCGTACTACC,atata
Arhgap32,atata,GATCGGTATCACCGGATTTC,atata
Arhgap44,atata,ACGACGCACTACATTTCAGT,atata
Arhgdia,atata,ATGCCGAAATCCGCAAAATA,atata
Arhgdig,atata,TCTGGGAGCGTATGAACTTA,atata
Arhgef25,atata,ATATCAACGCCTTCACGACT,atata
Arhgef9,atata,ACTTCGATGTATCGAGACGC,atata
Arl2,atata,ACATATCCGTTCGTCGATCA,atata
Arl6ip1,atata,GCTAAGTCAGTCGTCGAGAC,atata
Arl6ip5,atata,TTTACCCTAACTACGCTTCC,atata
Arl8a,atata,GTACATGCATGGTCGACTTG,atata
Arnt2,atata,CGTTATTCGGAGTTGACGAG,atata
Arpc1a,atata,GTTATATGGACACGCACCAA,atata
Arpc3,atata,TAGGCGATATAACCATGGAC,atata
Arpc5,atata,TGTATACGCTTTGGACCAAC,atata
Arpc5l,atata,AGAGAAGCTTACGTTCCTCG,atata
Asap1,atata,GGACGTATGTGTATTCGCAA,atata
Asph,atata,CTAAGATACGTGCGTAGGTG,atata
Ass1,atata,GGATAGTTAAACCGACCCTT,atata
Atf4,atata,CGCGGTCTAATCTAACCTAG,atata
Atf5,atata,CGATCAGGTAGCTTAAACGC,atata
Atl2,atata,CAGTTCATTAGGTACGCCAG,atata
Atp13a2,atata,CGTTACCCGAACTAAAACCT,atata
Atp1a1,atata,AATATAACGGCACTTCCGTC,atata
Atp1b2,atata,TGTCGATTACCGTCAATCGA,atata
Atp1b3,atata,ACTCCCTCGAAGATTGAGTG,atata
Atp2a2,atata,TCCTTAGCGGGGAAATTTAA,atata
Atp5a1,atata,AGCCGTGTTGATCTATACGT,atata
Atp5b,atata,TCTAGAGCTACCGGTATCTG,atata
Atp5c1,atata,CTGACGGGTTATCGTGATAG,atata
Atp5d,atata,CTTTACTAAGTGAACGCGCA,atata
Atp5e,atata,GCTTTAGTGATACGTCGGTG,atata
Atp5f1,atata,ATTTTACCGTCTCGTGAGCT,atata
Atp5g1,atata,ATCACATCACATAGCGTGGT,atata
Atp5g3,atata,ATAGCTACCGGAGTATACGA,atata
Atp5h,atata,GTATAACTGTTCTGCCCGTC,atata
Atp5j2,atata,CTTGACTGTACGAGGCTTCT,atata
Atp5k,atata,TCGTTATAATTTCCTCGCCG,atata
Atp5l,atata,GCGAACGTTTACCTCGTTTA,atata
Atp5o,atata,TGTATGGTTTAACACCGCTG,atata
Atp6v0a1,atata,TGTAGCTAGGATCGTACCTC,atata
Atp6v0b,atata,TAGGGGCTAGTCGAAGTTAT,atata
Atp6v0e2,atata,AAGACTACGGATAGTTGCCA,atata
Atp6v1a,atata,AGACGGAGTCTACAGGTTTG,atata
Atp6v1b2,atata,CTGATCGTGGGTACATTAGC,atata
Atp6v1e1,atata,TTGTACATGTTATCGCCGTG,atata
Atp6v1f,atata,GTTTTAAACAATCCGCCCTC,atata
Atp6v1g1,atata,CGTGGACATTCGGTACATTT,atata
Atp6v1g2,atata,ATATCGTGCATAGTGTGCGA,atata
Atp8a1,atata,GAGTATACTACTTGCGCCAC,atata
Atp9a,atata,ATAGGCTCGTCAGATCATGG,atata
Atpif1,atata,GAACTACGTGTAAGGGGTAT,atata
Atxn10,atata,GGGATCGTCACTAGGATGAA,atata
Atxn7l3,atata,TGGTCGACTATCTCTCAACG,atata
Auts2,atata,AATCAAGGTTGGTCGTTACC,atata
Avpi1,atata,TAGATATCGCTGTAGGTCCA,atata
B230334C09Rik,atata,GAGTACACAAAATTCGGGCT,atata
B3galt2,atata,GTTGATACCTTTGTCGGGTT,atata
B3gat1,atata,ACTACGGGTAATATCGGTTC,atata
B3gat3,atata,GCTAGTTACGGCGTTTCTAT,atata
B4galt6,atata,GTTCTCAACGGGTGGTATAA,atata
Bag1,atata,TAGTTGGAATACGCCATTGG,atata
Baiap2,atata,CATTTGTGGACGCATACTGT,atata
Basp1,atata,AAAGCCCATACGACTTATGC,atata
BC005537,atata,CATATGTTCGCTCCTATGGC,atata
BC029722,atata,ACCCAATCCGAGAACTTGTA,atata
BC048546,atata,ACGCTTGATACGGTCAATCA,atata
Bcat1,atata,GTTGGTCATACGGTGTCTTG,atata
Bcl2l2,atata,GGTCCATTTTCGCGTTACTT,atata
Bdnf,atata,AGTTTTCGTAGCCCGTTTTA,atata
Bend6,atata,GATTCAACATAGACGGAGCC,atata
Bex2,atata,TGATATCTAGGGATCGAGGG,atata
Bex4,atata,GTATCCGTAACCAAACTGGA,atata
Bhlhe40,atata,CACCTCGCAAATACGTCAAT,atata
Bmpr2,atata,GAATGATGCGGCTTTTACCA,atata
Bnip3,atata,AGCTAATCGACGGTACTGAG,atata
Bola2,atata,GCGGTCGGAATTGTACATAA,atata
Brinp1,atata,ATTATTTGCGACAGGTCCAC,atata
Brinp3,atata,GATTATCGCACGGTTCGTAA,atata
Brk1,atata,GATATAATGTCGAGGGCTCC,atata
Bsg,atata,ACGGTTACTCTAGCAGCTAA,atata
Bsn,atata,GATTCTGCGACTAGCAAACC,atata
Btbd3,atata,GCGAGATAGATACCCTCACT,atata
Cables2,atata,TCACTTAAGATCCCGGTCTC,atata
Cabp1,atata,GCACATCTCGAACGATCGAT,atata
Cacna1b,atata,GTTTTCACTTTTCACGCGGT,atata
Cacna1e,atata,GGTCTAGTCGAATAACCTGC,atata
Cacna2d1,atata,TACGGCTTATCCTGTCATGA,atata
Cacna2d3,atata,GCTCCGGAACCAATTATCTC,atata
Cacnb3,atata,TAATATTGTCGGTTCACGCC,atata
Cacnb4,atata,AAAAGCTAGAGGACGTGTCA,atata
Cacng2,atata,ACTATCTGACGGGCTCTTTA,atata
Cacybp,atata,GGGACGAACACTGTATTAGC,atata
Cadm2,atata,CCACTGGCCGTAATAAATTG,atata
Cadm3,atata,AGCTCGCTACACGATTTCTT,atata
Cadm4,atata,GCGACATATTCGGTTGACAC,atata
Cadps,atata,GAGGGGATTCTAACCGATAC,atata
Calm3,atata,TACATTACGTCGGCAATACG,atata
Calr,atata,GAATAAGTTTCCGGGCATCT,atata
Camk1,atata,TTTCCCGAAACGGTCTATTG,atata
Camk1d,atata,GGTCATGTTACCACGATCTG,atata
Camk2a,atata,TCGGGCTGATCCAATATTCT,atata
Camk2d,atata,GCAATTTAGGTTTCGACCCT,atata
Camk2g,atata,TCTTCTACTGGCGGTATGTT,atata
Camk2n2,atata,TAATTACGATCCGCTGGTCT,atata
Camta1,atata,TGGGGAGATAAACTCGTTCA,atata
Camta2,atata,GTGACAACGAATGCAGGTTC,atata
Canx,atata,TATTGTTATGGGACGAACCC,atata
Cap1,atata,GAATGGAAGAGCGCTTTCAC,atata
Capns1,atata,CTATCGTACAGGAACATCGG,atata
Capzb,atata,ATTAGTCTCGTCTTGCGAGG,atata
Car10,atata,AAGGGTTAGACTTACGACGT,atata
Car4,atata,TCTGCGATAGAACGAGTACC,atata
Cbarp,atata,CAAGGTGTAGCGGATTTACA,atata
Cbfa2t3,atata,GGGCCGTTGTACAATTTATC,atata
Cbx6,atata,GGATACACGTCTTCAGTCGA,atata
Ccdc136,atata,ATGGCATCGCAGCAATATTT,atata
Ccdc85b,atata,TCCTATGTATTAACCGGCAC,atata
Ccnd1,atata,GTTAAGGGAACGAACTCTGC,atata
Ccndbp1,atata,CGAGTTCCGCTCTAGATGAT,atata
Cct2,atata,TTGCGTCTTTCGCACTAGAT,atata
Cd302,atata,AATCGGCGTAGCTTACATTG,atata
Cd59a,atata,GATGTCGAATCCAATCGGTC,atata
Cdc42,atata,AATAGTAGACGTTCACCGCT,atata
Cdipt,atata,AAGGTGCGAACGAGATAGTA,atata
Cdk14,atata,ATACATACGTTGCGTAGGTG,atata
Cdk16,atata,GAATTGGTTATATGCGCACC,atata
Cdk5r1,atata,AAGGTTCTCGTGATCCGAAT,atata
Avp,atata,ACTTCGGCACTAGGATAACT,atata
B3gat2,atata,CTGTATACGGGGTCAATCTG,atata
B630019K06Rik,atata,TACGGATAACCTGTTTACGC,atata
Baiap3,atata,GCGAACGTCCGTATAATCAT,atata
Bcan,atata,AAGCATGGTACGGTATTCAC,atata
Bche,atata,TCTATCATGCGCCTTCACTA,atata
Bcl11a,atata,AATAGCGATGCCCTGAGATT,atata
Bcl11b,atata,CTCTAAATTCGTTCCCTGCG,atata
Bex1,atata,CTTGTACATTAGCCTGTCGG,atata
Bhlhe22,atata,ATAGCGGTTAACTTCCTTCG,atata
Bok,atata,TACATTAGCGTCCCAACATC,atata
C1ql1,atata,GGATTCTACGCTATTCGGAC,atata
C1ql2,atata,CGTACGATGTCGTAGTAACC,atata
C1ql3,atata,ATCATCAGCGTGGATCGTAT,atata
C1qtnf4,atata,GACCAGGATATTCGTACGTG,atata
Cabp7,atata,ATCGGTACCATTCTGTTCGA,atata
Cacna2d2,atata,GACTGGTTCGACAGTTCAGT,atata
Cacng3,atata,CGACCGTATACCAATCCTAA,atata
Cacng5,atata,CCGTGATTATAGTAGGGGAC,atata
Cadm1,atata,GAGTTCATAACGATTCCGCC,atata
Cadps2,atata,ATTCAGGACCGGGAATTTTG,atata
Calb1,atata,GATTGCAATTCGCCACAGAG,atata
Calb2,atata,ATCTTGTTAGCCGTTGTAGC,atata
Calca,atata,GGAGTAGTCGAGTCAAGTCG,atata
Calcb,atata,CCGGCGAATCTTTGTATGTA,atata
Calcr,atata,GATTTATGACGCTTCCCCTT,atata
Calm1,atata,TACTAGCTTATACCGCTTGC,atata
Calm2,atata,ATAGCTGTACACGATTCCGA,atata
Caln1,atata,TTACGGTTTAACACCCCTTA,atata
Caly,atata,GATTCATGCTACATCGTCGC,atata
Camk2b,atata,GGGTTACTCAGACGGAAATG,atata
Camk2n1,atata,GATTTTCTAGCACTAGCGGC,atata
Camk4,atata,GTGCTACTTTAAATCCGGGA,atata
Camkk2,atata,CTTTGCTGATGCGTCGAAAC,atata
Camkv,atata,AAGTTACCTTGTCGCCATAC,atata
Car2,atata,ACTTTCGATTGGGTTCTCGT,atata
Cartpt,atata,GCCTATAAGTATCGTCGAGC,atata
Cbln1,atata,GACGATGTCGTTAACAGTGC,atata
Cbln2,atata,ACAAGTAGCGTATTGTTGCC,atata
Cbln4,atata,ACTGTTTACGACGAAAACGG,atata
Cck,atata,ATGAATGGTCCAAACGGATG,atata
Ccnd2,atata,CATGTGCGGAGTCGATCTAT,atata
Cd164,atata,GAGAAATCGTCATCCGCTCT,atata
Cd24a,atata,GCTAAATGCACGTCATCGTG,atata
Cd47,atata,CGTTTTGGTAGTGCGTGTAT,atata
Cd63,atata,CCGTATGATAGGTATCCGAG,atata
Cd81,atata,GTGAGCGTTAACCCACATTA,atata
Cdh13,atata,TGTTCGCTGGTCTGTTGATT,atata
Cdr1,atata,ATCGAGATCATTGCGGCTAA,atata
Celf2,atata,TGTATACTTGTTTCCGGTCC,atata
Cdk5r2,atata,CTTAGCTAATTCGCGAGGTG,atata
Cdkl5,atata,ATCCAAAGTAAGCGTTGGTG,atata
Cdkn1a,atata,GAACAGGTCCGTCATACTGA,atata
Cds1,atata,GTTCACAAGCCCGTTTAAGA,atata
Cds2,atata,GGAGATAGCGAGATTCAGGA,atata
Cdyl2,atata,TTGTCACCGAACGTAACTCA,atata
Celf1,atata,ACGGCTACCAATTAACTAGG,atata
Celf4,atata,TGTAGTTGAATCCGTCACCA,atata
Celf5,atata,TCATAATCGTCAGAGGCTCG,atata
Celsr2,atata,GGGTATACGTTTTCCCTCTA,atata
Cend1,atata,GAGTATCGAATACCGGGTAC,atata
Cep170b,atata,CGGCCCATATTATATCGAGT,atata
Cerk,atata,GAACGTAGTTGGCTAAGCTC,atata
Chd3,atata,GATAGTGCGTATCGTGAGGA,atata
Chga,atata,ATTCGTTTACCGGTCAGTAC,atata
Chl1,atata,CAGGTAACCGGCAATCATTA,atata
Chmp2a,atata,GTTATTCCGTGCCGTCATAT,atata
Chn1,atata,GATTAGTCGGTTGCATCGTC,atata
Chst1,atata,CGTGGATATGCGAACGTTAA,atata
Chst2,atata,TTTTGATCCAATACGCCCTG,atata
Cib2,atata,CCTACCACTTAACGTACGTC,atata
Cisd1,atata,ATATACGCTTGCACCGATAC,atata
Cit,atata,GGCTGTTCGGATCTAACAAG,atata
Cited2,atata,CGTGAGCTTAGCCGAAATTT,atata
Ckmt1,atata,GGCCTTGTAAACATCGGATT,atata
Clcn5,atata,ATGATCAGTCGCTTGTCCTG,atata
Clic1,atata,TTCAAATTCCGGGAGTTACC,atata
Clip3,atata,TTTCGTATCGCCAGTTGTTC,atata
Clstn1,atata,GTCTAGCTTTAGGCCTATCG,atata
Clstn2,atata,CATTTCGATTTGAGAGCCGG,atata
Clstn3,atata,TTGGTCGTTGTAAGTCGAGA,atata
Clta,atata,GCTAGTACAAAAGCGCATCA,atata
Cltb,atata,ACATTGGAAACTATCGTGCC,atata
Cmip,atata,TTATCGCGTTCGATACAGGA,atata
Cnksr2,atata,CATGGAGACGACGTGTTCTA,atata
Cnnm1,atata,AATATATAGCCTCCGCCAAC,atata
Cntn1,atata,CGGACGTTGACCTTAGATTG,atata
Cntn5,atata,ATATCTCATTCGCGCGTAGA,atata
Cntnap1,atata,AGACGCTCGGGATATATTGA,atata
Cntnap2,atata,TGTTACGGTACGCATTACTC,atata
Cntnap5a,atata,ATATACCGCCACATTCTGTG,atata
Coch,atata,GTGGTCTGTAAATCCGACTG,atata
Cope,atata,CCAAATTTCGCTCGGTAGTT,atata
Coprs,atata,ACTGAAGAATTTCCGTCGCT,atata
Cops6,atata,TCTATGGCTCGGGATTTGAT,atata
Coro2a,atata,GAACTCAGTCCGTATTAGGC,atata
Cox14,atata,CAATCGGTGGAATGTTCTCG,atata
Cox4i1,atata,TGTCTGGTTCGCACTTAGAG,atata
Cox5a,atata,CCTGCGTTTGAACTCGTAAA,atata
Cox5b,atata,GTCCAATGAGCGTACCTATG,atata
Cox6a1,atata,TCGTAAGGCTTCGAACTTGT,atata
Cox6b1,atata,TATTGTAAACGCTCGGCTAC,atata
Cox6c,atata,AGGAATACCGTCGAATCGAT,atata
Cox7a2,atata,TTATGCCGGTGCGTAATAAT,atata
Cox7b,atata,CGTTTGACGTCCCCATAATA,atata
Cox7c,atata,CGGTACTCGTCAAAGTAAGG,atata
Creg1,atata,GCGCTGTAATTCGAGTAAGG,atata
Creg2,atata,CTACACTGTTGAGCGGATCT,atata
Crim1,atata,AGCTAAACTTTGCGTACGAC,atata
Crip2,atata,GATTAGCCCCACATCGAATC,atata
Crispld2,atata,CTATTAGTTTCCGCTCGCTG,atata
Crmp1,atata,AAGGCGTGTTTTAACGTTGA,atata
Cs,atata,ATCGAGAAGCCTACTATCGC,atata
Csrp2,atata,GAGCGTTATTTAGTCCCGTA,atata
Cst3,atata,GCCACTTATTTGCGATCACA,atata
Cstb,atata,GAAGTTCGCAGCATGGAATC,atata
Cthrc1,atata,GCACTACATCGGGGATTATC,atata
Ctnna2,atata,CCTCGGTGCGATTAACATTA,atata
Ctnnb1,atata,TTATAGTCCGCTTCTACGCT,atata
Ctnnbip1,atata,AGATGTAATAATCCCGCGTG,atata
Ctnnd2,atata,GAAATCTCGTGTAATCGGGG,atata
Cttnbp2,atata,TTGTCCCACGAGAACAAAAC,atata
Cuedc2,atata,TCCGACAAAAGCTATTAGCG,atata
Cx3cl1,atata,TCCTAATGGTCTCGTATGGT,atata
Cyb561,atata,TACCCTCTCATCGCAAGATC,atata
Cyb5b,atata,GACGTCGTCTGGTGTCATAA,atata
Cyb5r3,atata,GTACGGCGATTCCTCATTAC,atata
Cyc1,atata,AACCTACTGCGATCCATTGA,atata
Cycs,atata,ACTACGACCAAATGCGAGAA,atata
Cyfip2,atata,CAAGTATCGTATTCGACGCC,atata
Cyp46a1,atata,GAGTGCGTCTATTGATACCG,atata
Cyr61,atata,CTCTACCGTATCAATGCCTG,atata
Cystm1,atata,CATGCACTACGCTGTCATAC,atata
D430041D05Rik,atata,TACGAGGGAATGCTTACGAT,atata
Dab1,atata,GTCGCCACAACCAATTACAT,atata
Dad1,atata,AATACTCACGACTGAGACCC,atata
Dcdc2a,atata,AAGCTCTTTACGCGATCCAT,atata
Dclk1,atata,ACGAAGATGCCGTTTACAAC,atata
Dctn3,atata,CATGCGATTACCATCCAGTG,atata
Dda1,atata,ATTCAGTCGCCAATCCTCAT,atata
Ddah1,atata,GGAGTGATTCGGGGATTTAA,atata
Ddit3,atata,ACTTACATAGTTCGAGCCGT,atata
Ddx3y,atata,TTACGCATTACTTGCTCGTG,atata
Dgcr6,atata,GTCAGCTCGTAATATCAGCC,atata
Dgkz,atata,TCTCCCTTCTCACGGTTTAT,atata
Dhcr24,atata,ATTATCGGATAAGCCCGTTC,atata
Disp2,atata,ATAAGCCGATCTAATCGCGA,atata
Dlc1,atata,CTTTTGCGAAACATGCTCGT,atata
Dlg2,atata,GTTGATTGCGCGCATTTAGA,atata
Dlg4,atata,GTATCTTTCAGTTCGGGCTG,atata
Dlgap1,atata,GTTATGCGTTCCCTGAGTAC,atata
Dlgap4,atata,ACAGAAGGCGATGTTCAGAC,atata
Dlst,atata,AGTGACGTATGCCTAGTTCA,atata
Dnaja1,atata,GGTCTACACGTTGATCCAAC,atata
Dnajc12,atata,GTTAATCTGTTCGTCCCGTG,atata
Dnajc15,atata,GGTCAATGCGAGAGACTGTT,atata
Dnajc27,atata,TAGACGGGTGAATCGAGTAT,atata
Dnajc5,atata,GATGTGCTATCTACCGTACC,atata
Dnajc6,atata,CTGATACTATTAGGGCTCGC,atata
Dnm1,atata,CTGAGTATAGCTACGACCGT,atata
Dnm3,atata,GCTGGATGGCTAGTATCTTG,atata
Dnmt3a,atata,TCTATGTCTGTCCGATAGCG,atata
Doc2b,atata,CTGCAAATACGGTGTAGCAT,atata
Dpcd,atata,ATCTACGAATTTCGAGGGGA,atata
Dpysl2,atata,GCAATAACACGTTTGACGCT,atata
Dpysl3,atata,TGGGTCCGACTTAGATCAAT,atata
Dpysl4,atata,CGACTTAAGTGTACAGGACC,atata
Dpysl5,atata,ATAGGTTCTCGCACATGTGT,atata
Dqx1,atata,TCGAGCGTATTAAAGCATGG,atata
Dst,atata,CATGTCTTGTAGGTGCGTAG,atata
Dtnbp1,atata,GATTAAGGGCGTTGTTCCAT,atata
Dusp26,atata,AAATACTATTCGGTCGCAGC,atata
Dusp3,atata,GGACGGTATACTCGACATTC,atata
Dync1h1,atata,GACTTTAGGGTCGGAACATC,atata
Dync1li2,atata,GTGAGTTGCCCTTCGTTAAA,atata
Dynll1,atata,GCTCTACACATAACCGTGAC,atata
Dynll2,atata,AAGATACGCTACCGTGTTGA,atata
Dynlrb1,atata,TGCAGTACTTAGCGTACGAT,atata
Dynlt3,atata,TCGTATCGTTTCTCACCGTA,atata
Edf1,atata,TACAACATACGGTGGATTCG,atata
Edil3,atata,CAGATTACGCGACGAGATCA,atata
Eef1a1,atata,GAATTTATGGACGCAGTGGA,atata
Eef1a2,atata,CACATATGATTCCGGCGAAG,atata
Eef1g,atata,GTGCGTCGATTCAACATGAC,atata
Eef2,atata,AAGTGGTCGATGTCACTAGC,atata
Efhd2,atata,TATATCCGTGACCGAGTTCT,atata
Efna5,atata,GAGCATATGTAAGTCACGGC,atata
Efnb3,atata,ATGATATGCGCACGCTCTAT,atata
Efr3a  ,atata,ATAGATCGATCACGGTCAGG,atata
Efr3b,atata,CCTGTAGGTACGGTGAATAG,atata
Egr1,atata,CCATTTCGACAAGTGATCGC,atata
Eid1,atata,CGACAGTTTAATCACGACCC,atata
Eif1b,atata,AGGCTATACGTGGTAGTCAT,atata
Eif4a2,atata,TGGTGATAATTCGCTGCTCA,atata
Eif4g2,atata,CTTCGCTCGTTGTGAATAGC,atata
Eif4g3,atata,GTCTAATAACCGCACATGCA,atata
Eif5,atata,AATACGTCTGTCGGTGACTG,atata
Eif5a,atata,GATTACCTGTGTCCGCATTC,atata
Elavl3,atata,AAGATACCGTGTTCGTAACC,atata
Elmo1,atata,CCGTATTGGTAGCTCCATAG,atata
Elmod1,atata,GCGCGACATGAGATTCTTAC,atata
Elovl6,atata,CGGTTCATTGCGCTAACTTA,atata
Emb,atata,CGGGAATCGGCTATTCTATC,atata
Emc4,atata,TTGATTCTCGACGTCGGTTA,atata
Emc9,atata,GCAGTATGACGCTCTTCGAT,atata
Eml2,atata,TTAGGAGTCCGAGTAACTCG,atata
Enah,atata,TTTAATGATTCGCGCAGCAG,atata
Endod1,atata,AATTGTAGTGCCGTTCGTTC,atata
Enho,atata,GTCGATAGCGTAGCTAAACG,atata
Eno1,atata,CCGTAAGAGTCGCATAGAGA,atata
Eno2,atata,GTTCAATTTCGGACGGTGTA,atata
Epb41l1,atata,TAATTGTACGTAGCCTTGCG,atata
Epb41l3,atata,GTATGCCTCCATCGCTTATC,atata
Epdr1,atata,CTCGTAATCGGGAAGTTTCC,atata
Epha4,atata,GTTGCATTAGACGATCACCC,atata
Epha5,atata,AGGCTGACTACCGTCTATTA,atata
Ephx4,atata,CGCTCTCAAATTTAGCGCTT,atata
Eps15,atata,TAGTCCTAGACTGTTCGACC,atata
Erc2,atata,ACTTCATGATCGACCGCTAT,atata
Erdr1,atata,TGTGCTATTATCGGGTATCG,atata
Erh,atata,ACCAGTCCGGTAGTTATGAT,atata
Ermn,atata,GGAATCTATCACGCATGGTC,atata
Erp29,atata,ATTCCTAGCAGGATAAGCGA,atata
Esrrg,atata,AGTCTTAACGGGTTGACAGT,atata
Etl4,atata,TTAAGTTGAAGGCGGTACTG,atata
Fa2h,atata,CGCATGATTATGGCTCGATG,atata
Fabp3,atata,GTCTATTAAGTTCGCTCCGC,atata
Fabp5,atata,TTTTCTAACTCGTGCGCTTG,atata
Faim2,atata,ATAGTAGCAAGCCGTTTGAC,atata
Fam101b,atata,TGCAAGTAGTTCATCGCCTA,atata
Fam131a,atata,TAGTGTGCGATCATCATGCT,atata
Fam163b,atata,GTATCCTTGTGCGGACATAC,atata
Fam168a,atata,TTTTATCACGCTCCGGTATG,atata
Fam19a5,atata,TTTCTTGCGGATTGTATCGG,atata
Fam213b,atata,GGGTTTGACTCGCTATTACA,atata
Fam219a,atata,GACGCGAAATTGGTTGATGT,atata
Fam3c,atata,AAAAGTATCGCTTGCGCTTC,atata
Fam49a,atata,TCAGTATCCTTTCACGGACA,atata
Fam63b,atata,ATACACTTTTATCGTGGCGC,atata
Fbxw7,atata,ACGGCGTCTAATTGAAAACC,atata
Fdft1,atata,CAACTCGTCCTCTCACGATA,atata
Fdps,atata,AACTTATCATCGTCAGGGCA,atata
Fem1b,atata,AGAAAAGTCCGACGATCCTT,atata
Fez1,atata,AGGTGTCGTCATCTCAACAC,atata
Fgf11,atata,TGACGAACTGATTTGCACGA,atata
Fgf12,atata,GTAACATTTGACGTAGGCCA,atata
Fis1,atata,CTACCATGATATGCGTCGTC,atata
Fkbp1a,atata,GTTTTCGAGGTATTGCACGT,atata
Fkbp2,atata,ATAAGTCTACCGTTCCAGGT,atata
Fkbp3,atata,TTAGGCCTCTACGGATCATA,atata
Fkbp4,atata,TCTTCGAATCCGCATCCATA,atata
Fkbp8,atata,TTGATCGATAGGTGTCCCTC,atata
Flot1,atata,CAATCCCCGCTATTATCCAT,atata
Flot2,atata,TAATCACGTCGCTACAAGCT,atata
Flrt2,atata,AGTCTCTGATCGTGGCAATC,atata
Flrt3,atata,GTGGTCTCTTTACGCTAAGC,atata
Foxp1,atata,TCTAACGGTGGGAATCTCTC,atata
Frmpd3,atata,GCTCCTAGATACGTTCGTGA,atata
Frrs1l,atata,CGTTTGAACACGACACTTGC,atata
Fryl,atata,ATGAGTACTAGCGCAGTTGT,atata
Fstl1,atata,GCTCATTTATCGTGTCGGAG,atata
Fut9,atata,GGCTACATTAGCGGTCTAAT,atata
Gaa,atata,GCGTTAGATAAGTTCGGCAG,atata
Gabarap,atata,GCTCGGAGGATATATTAGCG,atata
Gabarapl1,atata,CATTGACATTGTTCCGAGGG,atata
Gabarapl2,atata,CCTAGTTTGTACGGATCGTG,atata
Gabbr1,atata,GCCGGACTTAGTCTTGTTAG,atata
Gabbr2,atata,GTGCGAACAGTATCCGTTAA,atata
Gabra1,atata,ACGAGCTGATCCGTAGTATT,atata
Gabra2,atata,TACTGGCTGCGTATCATGTA,atata
Gabra3,atata,ATCGGATGTGGAATCGCTAA,atata
Gabra4,atata,GTCGACGTTTTACTCCGTTT,atata
Gabrb1,atata,CAGTTCGTTTCCGATACCAG,atata
Gabrb3,atata,TGGTCGCACATATGCTATCT,atata
Gabrg2,atata,TACTTATCATGGCGTAAGGC,atata
Gabrg3,atata,GTAGCCTTTTACACTCCGAG,atata
Galnt16,atata,TACGTGGAATCGACAGTGTA,atata
Gapdh,atata,GAGAGTATCAACGGGCTAAC,atata
Gas7,atata,GTGGTACTCTCGGTTCATCA,atata
Gatm,atata,TTAACCGTACCTGTGTTGTC,atata
Gde1,atata,CGTAGTTCCTCAACGGTTTG,atata
Gdi1,atata,CAAGAAGTGCGTATACACCG,atata
Gfra2,atata,TAGACCTTAGTTCGCCCTAT,atata
Ggct,atata,GGCTACGTGATCCATGTAAG,atata
Ghitm,atata,GAAGCATCCGACAATAGCAG,atata
Gja1,atata,CTTACGAGACCTCGTTACCT,atata
Glrx2,atata,ATTATTCATGCCGCCCTATC,atata
Glrx3,atata,AACTTATGCTCGCAAATCCC,atata
Gls,atata,CTATATTGCGGTCACAACCT,atata
Glul,atata,ACCTGCGTCGTCATGATTTA,atata
Gm10260,atata,CTATAGCGTTGTTCTGAGCG,atata
Gm11808,atata,CGGTGTTACTTATCCGAGAC,atata
Gm15800,atata,ATGTCGTTGCAGTTAATCCC,atata
Gm1673,atata,GCTACTAGTACTACTCGCGA,atata
Gm26917,atata,TTAGTTTGCCGGGATTCATG,atata
Gmfb,atata,GAGTCGGTCAATCGTGAACT,atata
Gnai1,atata,GCAGTTATTCGTTTAGCGCT,atata
Gnal,atata,CGTAATTGTTTCGCCTTGCT,atata
Gnao1,atata,ATATTCGGAAGCCGTTACAG,atata
Gnaq,atata,GCTGACGGATATTCGTTTCG,atata
Gnaz,atata,AAATAGCGTTATCCGTCAGC,atata
Gnb1,atata,GATGCTGAACGCTGCATTTT,atata
Gnb2,atata,GATTACAGTTGGTCGACACG,atata
Gng12,atata,TAACAATTTGCCGACACGTG,atata
Gng13,atata,AGTCTGCGGATTTAAAACGG,atata
Gng2,atata,GATGCGATCGAACATTGCAC,atata
Gng3,atata,TAGCGATGATCACTGATCGG,atata
Gnl3l,atata,CCATAGGGAAATTTGCGTGA,atata
Golga7b,atata,GTGTCGTATGCTATCTTCGG,atata
Got1,atata,GATCGTGACCTGTATCTCGT,atata
Got2,atata,TAGCAGTTCGTCAAGTCCAA,atata
Gpi1,atata,GTAACGCCGCATTCATTCTT,atata
Gpm6b,atata,GCTTAAGATCGATGCTTGGC,atata
Gpr158,atata,GATTGCGCTAAAGTGACCTC,atata
Gpr22,atata,GATTTCGGCTTGCCTAATGT,atata
Gpx1,atata,TTCTGCAAAGAGGACCGTTA,atata
Gpx4,atata,CGGATGAGTCAATAACCCTG,atata
Gria1,atata,AGTGCAAGTCGTGTTGTACT,atata
Gria3,atata,AGTCCACTTGACGTTGAGTG,atata
Grin1,atata,GTGAGATGTCCGCTCTGTAT,atata
Grina,atata,CATCGCTTCGCCTCTATATG,atata
Grip1,atata,CTAGGTGAAATACTCCGTGG,atata
Grm1,atata,TATCTAGTTCCGGATGGCTT,atata
Grp,atata,TGGCACTAGTGTTTCGTCAT,atata
Gsk3a,atata,TATGTAGTGGGATTGCGACT,atata
Gsk3b,atata,ATTTGATCGACGGCTTAACG,atata
Gstm5,atata,CTAAGGCTTTATGCGCATGT,atata
Gstp1,atata,ATCTTGCGTGACCGAATACA,atata
Gtf2h5,atata,CTAGTGCGACTCTCGTTACA,atata
Gucy1b3,atata,GCTTGATCGTACTCTGCAGA,atata
Guk1,atata,GGCGCTATTTTCTGTCGAAA,atata
H2-D1,atata,GATTAAGTCGCTATGAGCGC,atata
Hagh,atata,ATGCGGTACCATAGAGATGA,atata
Hcfc1r1,atata,GTGGCACAATCACGGTAAAT,atata
Herc3,atata,TAAAGAGTACGACGTCCTCC,atata
Higd1a,atata,AAATGGTTCCTATCGGCTAC,atata
Hint1,atata,GTTGTGTGCGAATCCAACTG,atata
Hivep2,atata,TAGAATGCTACCGGATTCCT,atata
Hk1,atata,GTGAAGTTATGCGACGGTTT,atata
Hmgb3,atata,ACATAGATGCGTTATAGGGC,atata
Hmgcr,atata,CATGACTTTGACGCACTACG,atata
Hmgcs1,atata,CGTGGCAATGATCGAACTTG,atata
Hn1,atata,ATTAGGCTCGAATCCGATCA,atata
Homer2,atata,CCGCCCTATATCTTAGACAG,atata
Hpcal4,atata,ATACTCGTCCACTCGCAAAT,atata
Hprt,atata,GAGTCCAACGATCAACAACC,atata
Hras,atata,ATAATGGTCGGATGCGAAAC,atata
Hrh3,atata,TTGTCAGCGCGTTTTCATAC,atata
Hs6st1,atata,CTACGTTTGTATCCGTCGAG,atata
Hsbp1,atata,TACGTCTGTGTCGTATGCTC,atata
Hsp90aa1,atata,TTTCGCACGGAAGACTAGTA,atata
Hsp90ab1,atata,ATAGGTTTCAATCCCGATGG,atata
Hsp90b1,atata,AATCTGCAACTCACGAACGA,atata
Hspa12a,atata,GTGCTAAATCACCGCTACAT,atata
Hspa4,atata,GCTAGGATAACGATGGACAC,atata
Hspa4l,atata,TTAGCTCGTTCGATCGCTTT,atata
Hspa5,atata,GGTTAAGTTGAGACCGTCAG,atata
Hspa8,atata,GCATTATGTTCGCTCCACAG,atata
Hspb8,atata,GGCATCTGATCGATACCATG,atata
Hspe1,atata,GATACTGTTAAGACGGTGGC,atata
Hsph1,atata,ACCAGACCGATGATTGCTAT,atata
Icmt,atata,GCGTTTCGTATCGTTTCCTT,atata
Ids,atata,TTGGTCGAATTTCGCTTTCC,atata
Ier2,atata,GTTCCCAAAGACGAGCTAAC,atata
Ier5,atata,AATCGTTGGAAACCAAGTCG,atata
Ifi27,atata,TGACGATAGTTAGCCGTTCA,atata
Ifngr2,atata,TTAACGCAGTAGGTGCTAAC,atata
Igfbp6  ,atata,GCTTATGACACTACGCTTGG,atata
Igsf21,atata,ATCCAGTAGGTTAGACCGTT,atata
Il34,atata,ACATATTCGAGGCGTTTACC,atata
Ildr2,atata,CTGTGTTAATGACGACACGC,atata
Impad1,atata,GTTAATTCGACCCCGGATAT,atata
Ina,atata,AAATCTAGTCGATGCAGCCA,atata
Inpp5f,atata,GTAGCGCTGCTTTTCGTATT,atata
Iqsec3,atata,CTTATGTCTAGGTTCGGCAC,atata
Iscu,atata,AGACCTTTATGTTCGGCTCA,atata
Itm2a,atata,ATATAGCAGCCTCGTCGATT,atata
Itm2c,atata,CGTATTTGATCGTGGTCGTG,atata
Itpka,atata,TGTTTAATGCGTCGACATGC,atata
Jph4,atata,GCACGTATTCCGTAGCTTTA,atata
Jun,atata,CCATTGAGGGTATCGTATCC,atata
Kalrn,atata,AACATATGTTGCTTCGTCCG,atata
Kcna2,atata,CGACGGACACAGTAACTAGA,atata
Kcna6,atata,GAAATAAGATCGCTCCTCGC,atata
Kcnab2,atata,ATCGTTTAGAGCCGTACTGT,atata
Kcnb2,atata,TGTTTGGCAGATCGTAATGC,atata
Kcnc4,atata,CTGGCGATTATTGGTCTGAC,atata
Kcnh1,atata,TCTTGCGGTTTTATTCGACC,atata
Kcnh7,atata,CATGGTAGATACGTCGTGTG,atata
Kcnip3,atata,GGTCGCGTTTAGCTTATACT,atata
Kcnip4,atata,AAGATCGCGTCGAATGCTTT,atata
Kcnj3,atata,CCGTGGTATGCGTTATCTAA,atata
Kcnj9,atata,TAGGAGATTATCGGGAAGGT,atata
Kcnmb4,atata,ACTTGTTGCGACGTTTTACG,atata
Kcnq2,atata,GTATCTTGACATACCACGCG,atata
Kcnq3,atata,GTGCCACGTTTTGCAATAAG,atata
Kcnq5,atata,TGTTTTCGACACGAAGTGCT,atata
Kctd1,atata,GTTACTTACGCTCACGGATC,atata
Kctd6,atata,GGAACTGTAATCGGTTGGAC,atata
Kctd8,atata,GATACGAACTGATGCACACC,atata
Khdrbs3,atata,GAATCCGCGAACTGGTAATT,atata
Kif1a,atata,TTAACGCGAATCGACCTTTC,atata
Kif1b,atata,CAATCGCCAAGTAATTCGGA,atata
Kif21a,atata,CTTCGAGGAATGTAACGTCG,atata
Kif21b,atata,AACTTAATCGTCGGCTGAGT,atata
Kif3c,atata,TCGATAAGTCGTGTCTGACG,atata
Kif5a,atata,GAGCAGGTCGTCATCTTACT,atata
Kif5c,atata,TGTTAAGGCTGCGTCAAATC,atata
Kifap3,atata,ATTCGGCGATCTGATACCTA,atata
Kifc2,atata,GTCGATGTCGGATCTCACTT,atata
Kitl,atata,CCGTGGATTTCGGTACTTTA,atata
Klc1,atata,GTGTACGCTATGCTCTAACG,atata
Klc2,atata,GACTACGATACTGACACGGT,atata
Klf13,atata,TTTTGCGGTACATTCGCTTA,atata
Klf6,atata,AAATCCGAGACTGCTTGCTT,atata
Klf7,atata,TAGATATACCGCCCGATATG,atata
Klf9,atata,ATGATCGGTTCAGGCTACTA,atata
Klhdc8a,atata,AAATACGGATTACCTGGGAG,atata
Klhl2,atata,GTTTATGCCGAGTATACCCT,atata
Krt1,atata,GATCGTACGCCTATTTCGTC,atata
L1cam,atata,CTGAATACATACCGCTGTGG,atata
Lamp1,atata,GGCAATGCGTCACTATAGTT,atata
Laptm4b,atata,TGTAAGCTGTTCCTCGGATT,atata
Larp1,atata,GTCAAGGTCACGCAATTCTG,atata
Lbh,atata,TGTCTTTTCGTACCGGTCTA,atata
Ldb2,atata,AAATCGGTTCTCGCAATTCG,atata
Ldha,atata,GTACATGTCGGGAACCATTA,atata
Lgi1,atata,GACGTACTTTTGGTAGCGTT,atata
Lgi3,atata,TTAGTCTTATCGCCACGGAT,atata
Lhfpl2,atata,TGACGTACTTTCGCAAGTCA,atata
Lin7a,atata,TGTCCGGTTTAGGTTTATCG,atata
Lin7b,atata,GTCTCATAACAAACGGCGTC,atata
Lmo4,atata,TCCGGTAATAGTGCGTTTTG,atata
Lmo7,atata,AAGTCGTCTTAGTGCGCTAA,atata
Lpgat1,atata,ATGTAAATGCCGACCTATGC,atata
Lrp11,atata,GTATAGAAATCGCTGCGCAT,atata
Lrp1b,atata,TATTTGATACGTAGCGGTCC,atata
Lrpap1,atata,AGATAGAACCGGTGTCGATA,atata
Lsm11,atata,GTTGTCAATAACCGGTGCTA,atata
Luzp1,atata,GCGATTTTAGTGTCCACGAC,atata
Luzp2,atata,GTCATAGTCTCGTGAAGCCA,atata
Ly6e,atata,TTGGCGCGATACTTTAACTC,atata
Lynx1,atata,CTAGTTTCGGTTGGTGTCAC,atata
Maged1,atata,GTTCTCGAATATGCAGCACG,atata
Mal2,atata,TGACGGCATAAAGGTGTATC,atata
Man1a2,atata,TGCTCTATAGCGTCTGACTG,atata
Manf,atata,TGTTGCGACACTTCACTTGT,atata
Map1a,atata,AGCGTAGACTCAACCATTGT,atata
Map1b,atata,TCGTAAATCCGTTATCCTGG,atata
Map1lc3a,atata,AGAAACTTACGGTCAAGGCT,atata
Map2k4,atata,TTACAGGTTGCCGAACATAG,atata
Map4,atata,CGCTTGATTACGCTAATCGT,atata
Map4k4,atata,AACCTATACCGGCAAAAGTT,atata
Mapk1,atata,TTACTACGAGCAGACGAGTC,atata
Mapk10,atata,CCATCGGTCTGTGCTTATAG,atata
Mapk3,atata,CGATTGAATCCCAATTCGGT,atata
Mapk8,atata,AATGCTAATCGCGATTACCC,atata
Mapk8ip1,atata,ACGTGAATGTCAGACGCTTT,atata
Mapk8ip3,atata,ATAGTCCATTCGGGATGTCT,atata
Mapre1,atata,GCGTGACGCTGTATTGTATG,atata
Mapre2,atata,GTCTTGACGGGACACTAGAT,atata
01-Mar,atata,TAACGAACTAATCTTCCGGC,atata
06-Mar,atata,TCAGTACGGGTGGTAAAATC,atata
Mast3,atata,TGTCTCGTTGCAATGGTCTA,atata
Mctp1,atata,TCGTCGAAACCTCACTTCTC,atata
Mdh1,atata,CAGCGTCGTTCTCTATGTGA,atata
Mdh2,atata,CAGATCAAACGGGTTGAACG,atata
Me1,atata,ACCTTTATATGACTCGCGGA,atata
Mea1,atata,TAAAGATTCGCACGTTGCAG,atata
Mef2d,atata,CGAGGAACTACTCGATCGAC,atata
Mfn2,atata,TAGGCTGTACGGAGACATAA,atata
Mfsd6,atata,CGTGGCCGATTATAGTGAAG,atata
Mgat4b,atata,TTGTCACGAACGCTAAATGC,atata
Mgat5,atata,GCTAAGAGCGTTGGTAAGTG,atata
Mgat5b,atata,CCTCTATTTTAACGCCGTCA,atata
Mgll,atata,TCACGTCCGGATCAACATAA,atata
Mgst3,atata,TGCGTTTCATACGGTCAAAC,atata
Miat,atata,TAAAGTGTTTCGCCGAAGTG,atata
Mical2,atata,AGATTGAGCCTCGACTGAAC,atata
Mien1,atata,CCGTAATTGATCGGACGATG,atata
Minos1,atata,CCGAAGGTATACGATCTTCC,atata
Mllt11,atata,CAAACGGTTGTCCCAATTCT,atata
Mmd,atata,GTCCATGACTCGCTCATTGT,atata
Mmp17,atata,TCGGATGTAATTAACCGTGC,atata
Mpc2,atata,TTGCGGTTAATCCAACGAAA,atata
Mrpl20,atata,GATCTATCGAAGCACCACGA,atata
Mrpl41,atata,GGTGATACCGTATCATGACC,atata
Mrps18a,atata,GGAACCGTGTACACCATTAT,atata
Mrps26,atata,AAAGTCGGTGCTATAAGTGC,atata
Msmo1,atata,CGTGCGAAATCCTCCAATAT,atata
Mt2,atata,CAGACGGTTGGACATAATCC,atata
Mtch1,atata,ACTTGCCAGGAGTATTACCT,atata
mt-Co1,atata,ATTATTATTCGCCGACGGAG,atata
Mtfp1,atata,ATCGCGAGGGTTCTAGATAT,atata
mt-Nd2,atata,ATGAGTGTCGTCAGCGTAAT,atata
mt-Nd4,atata,AGAACACATTTATCGCCGTG,atata
mt-Nd5,atata,TTATTACATCGAGGCGAACC,atata
Mtpn,atata,GGACAGGTACGTAGATGTCT,atata
Mtss1l,atata,TTTTAATGACGACGCCTGTC,atata
Mturn,atata,GATTGCATCGCGAGAGAGTA,atata
Mtx2,atata,GTCCGTCGCTGTGATTTTAC,atata
Mxra7,atata,TGATTAAGCCAGCGTCACTA,atata
Mycbp2,atata,CGATGGACGCAAACTTTCTC,atata
Myeov2,atata,CGTAGTTACTAGGATCCACC,atata
Myh14,atata,ATCGTAATTTCGCATCACCG,atata
Myl12b,atata,TACGATGTTAGAGCACCGTA,atata
Myl6,atata,CGTGTCTTTCGTCGACTGAT,atata
Myo1b,atata,TTATTGGACGTACCGGTTTA,atata
Myo5a,atata,GCGTGCATACGATAAAGCTT,atata
Myrip,atata,GATGTCTATGTATCGGCGTG,atata
Myt1l,atata,TAACAAACTGCCAATCCGAC,atata
Nacc2,atata,AATCGAATTTAGCGTGACGG,atata
Napb,atata,ACGGGTGTCTCATCAATCAG,atata
Nat8l,atata,GTAGTTTTCCCGTTAGCCAT,atata
Nav1,atata,GATAAAATCGCCTCAGCGTT,atata
Nbl1,atata,TTGGACGTTTAGTACCACAC,atata
Ncald,atata,GGATGGTTACTAGCCAAACT,atata
Ncam1,atata,AGCTAGGCGAGTCAATTCAG,atata
Ncdn,atata,GTGCGTTATCCCGTTTTGAT,atata
Nckap1,atata,GTTGATGCGACCTGTATAGC,atata
Ncs1,atata,TGTCATAACTAATCCCCGTG,atata
Ndfip2,atata,ACTCCGGTCTTATCGAACTT,atata
Ndn,atata,AGTTGTCCTATCGAATGGGA,atata
Ndrg2,atata,GATTTACCATCGTTCGGCTT,atata
Ndrg3,atata,TTGCTTTCGAATTAGCGGTC,atata
Ndrg4,atata,CAGGTATACGGAACGTACTC,atata
Ndufa1,atata,GTACACCGGTTAAAGACACA,atata
Ndufa10,atata,TCGTATCGTGCCAGATTCTA,atata
Ndufa12,atata,ATATGACATCGGCGGTTTAG,atata
Ndufa13,atata,GATGAATCTTCGAGCCTCGT,atata
Ndufa2,atata,AGCTAGGTACGTCCTGATTC,atata
Ndufa3,atata,ACGTTGACTACCCCTCATAT,atata
Ndufa5,atata,GCTATTGAGGCTTTACGACG,atata
Ndufa8,atata,GCTGTTCGGTTATCTTGGAC,atata
Ndufa9,atata,GCACGAACGCCATTCTATTT,atata
Ndufab1,atata,GACTTCATTGCGAGAAAGGC,atata
Ndufb10,atata,GTGAACGATTTCCTGCGTTC,atata
Ndufb11,atata,GATTCCGCCGAAGTCATAAC,atata
Ndufb2,atata,GCGGTAGTTACACCCTTAAT,atata
Ndufb3,atata,GAGTAGGACCGCAAGTTAAG,atata
Ndufb4,atata,TGCTAGTCAACCGTCTTTCT,atata
Ndufb5,atata,GGTGAGTTTCGCCTTTGATT,atata
Ndufb6,atata,TTCGTCTTTAAACCGCGTTT,atata
Ndufb7,atata,TTTGGGGCTTTCAACCTAAT,atata
Ndufb8,atata,GAGTCGGTGTCTCACGTAAA,atata
Ndufb9,atata,TATCCGGGAACAGTGTATTG,atata
Ndufc1,atata,ACTTGACGTTATTTCTGCGG,atata
Ndufc2,atata,TTCTCGGTATCAACGTGGAT,atata
Ndufs3,atata,CTGAGTAACATCGTCGAGCT,atata
Ndufs4,atata,TGATATCCAATAGACCGGCT,atata
Celf6,atata,GTTGAACTTCCGGCACTTAA,atata
Cfl1,atata,TGTCGAACATGACGCTAACA,atata
Chat,atata,GGTCCTAGTATTCACGCAAA,atata
Chchd10,atata,AACTTTCTAAACGGTACGGG,atata
Chchd2,atata,CCGAGATGTTTAGCCGTATT,atata
Chd3os,atata,TCAGGTTCGTATGGCTATGA,atata
Chgb,atata,TAAGTCGTGAGTTATGCCGA,atata
Chn2,atata,ATTATCAGACGCCGTGTTCT,atata
Chodl,atata,ATCTTGCGGAGATTTTCGCT,atata
Chrm2,atata,GGCTTGACACGCTTAGTAAG,atata
Chrna3,atata,CTTCAAGTTTCGGCGCTTTA,atata
Chrna4,atata,GATATTTCCGCGACACGATG,atata
Chrna6,atata,AATGATAGCCACGACTAGCT,atata
Chrnb3,atata,GGATCATGTTTCGCCTCTTG,atata
Chrnb4,atata,ATCAGGTTTACCGCTGTTAC,atata
Ckb,atata,ATATCTCGATCAACGCCACA,atata
Cldn11,atata,ACAGCTTACCAACGACAGTT,atata
Cldn5,atata,TCTTATGACTCGTAGCGCAA,atata
Clec2l,atata,AAGGCGTATGAGACCGATTA,atata
Clmp,atata,CATAAAGAGTAGCCTAGCGG,atata
Clu,atata,GTCGAGGCTATCGTTGATGA,atata
Cmas,atata,GTCACTGAAACGGCGTTTTA,atata
Cnih2,atata,CGAGAATTAGGCGTTTCCTT,atata
Cnih3,atata,TTGTGACAAATCGTATCGGG,atata
Cnp,atata,CACCGTTATTTGAGCGACAT,atata
Cnr1,atata,GACAATCATGCCTACGCTTT,atata
Col19a1,atata,GCTCGGGATTTACGTCTTTA,atata
Col25a1,atata,TTCAGTCGATATTGCGGTCT,atata
Col27a1,atata,GATGAGACACACGTCGACTT,atata
Col6a1,atata,AAAGACGGTTCAGACGTGTT,atata
Coro6,atata,GTAGAAATACGCCCACTGTT,atata
Cort,atata,ATAGCACTATCCATCGTGGT,atata
Cox6a2,atata,AGCGGTAATGTCTTATTCGC,atata
Cox8a,atata,CATCGTAGGACATCGGTTTC,atata
Cpe,atata,CGAATTGATCAGACGCGAAC,atata
Cplx1,atata,CAGCTTTCACGAACGTCTCT,atata
Cplx2,atata,ATGTTCGATGAGGGCTCAAT,atata
Cplx3,atata,TTCTGAAGTTTCGCGCTCTA,atata
Cpne2,atata,CAATTAACTGCGACCACCTT,atata
Cpne4,atata,AGTGTCTGAATCGAGCCATC,atata
Cpne5,atata,GGCTATTCTCATGTTGCGTG,atata
Cpne6,atata,CGTGTATGTTACGGACTAGG,atata
Cpne7,atata,AATAGCGTATACCCATGTCG,atata
Cpne8,atata,GTGACGCTTACTAGTCACCT,atata
Cpne9,atata,ATTAATCGTTCGTAGTGGGG,atata
Crabp1,atata,CTCGGTAACTATCAACACCG,atata
Crh,atata,ATCCAATGATCACACGCGAT,atata
Crhbp,atata,TGGCTTCGATCCACTAAAGT,atata
Crtac1,atata,GTCACGGTTTGCTAACGAAA,atata
Cryab,atata,TGTATCCGATTGCACTGACA,atata
Ndufs5,atata,TTTTACTCGGCGTTAGCATC,atata
Ndufs6,atata,GCGCATAGTAAACGGTCTTA,atata
Ndufs7,atata,TTGCAATGATTCGTAACCCG,atata
Ndufs8,atata,GGTAGACAACCCGTTCTATC,atata
Ndufv1,atata,TGATCCAATTCCTGTCGACA,atata
Ndufv2,atata,AATTTATCGTGGATGACGGC,atata
Ndufv3,atata,AACGTGTGGTCTCGTTAAGA,atata
Neat1,atata,TCCACAATTTACGCTATCGC,atata
Necab3,atata,GCGTATGATTCGTTTCTCGG,atata
Nedd8,atata,CGTACTGAGTCTCTCGCATC,atata
Negr1,atata,ATCGCATGTGATTAGGGTTG,atata
Nell2,atata,GCGTTACAGTGCGTATATCA,atata
Nenf,atata,AGTAGGTCTTTCGCATTCCT,atata
Nfasc,atata,GCGGTTGCTAAATCGAACAT,atata
Nfe2l1,atata,GTGTATCGGACTCTCGTGAT,atata
Nfu1,atata,TCATGATCGAAACAAACCGC,atata
Ngef,atata,GCACAGTATGATGTCGCAAC,atata
Ngfrap1,atata,TGATTTGCTCTCGCGTAGTT,atata
Nhp2,atata,CTGCTCGTTAAGGGATGATG,atata
Nkiras1,atata,GCTGTATCGCTATTAACGCT,atata
Nlgn1,atata,TGAGTAATCGTCCGTAGGAA,atata
Nlgn2,atata,GTGCCGACCTAAAGTTTAGT,atata
Nlk,atata,TGTTTTGCCTCGTCGATAGA,atata
Nme1,atata,TTACCAGGTATAACTCCGTG,atata
Nmnat2,atata,ATCCAGTGTACGTTCCGATA,atata
Nop10,atata,TTAGTTACGCTCGCTATTGG,atata
Npdc1,atata,TGCATTAGTCCTCGTTACGT,atata
Npm1,atata,TGCGTAGACATACCATCGTT,atata
Nptn,atata,GATTTTGTCGAGGTTGGCTG,atata
Nr2f1,atata,TTCCTATTTGCGATAAGCCG,atata
Nr3c1,atata,GTTGCAAGTGCGCTCTATAA,atata
Nr4a1,atata,GAGCTTAGACCGAACGTTTG,atata
Nrbp2,atata,GTATACGTCGACTATTCCGG,atata
Nrcam,atata,ATAAGCGTTTTCTACGGACC,atata
Nrip3,atata,ATTCAGAACTCGATCGGAGG,atata
Nrp1,atata,GCTCTATTAAACGACCGCTT,atata
Nrp2,atata,TGCTGGATAAGTAGTGTCCA,atata
Nsf,atata,TGGGACTATGTTATCGACCA,atata
Nsg1,atata,ATTACAATCTCGCGCTTTGG,atata
Nsmf,atata,ACGTTTCTTATAACCCGTCG,atata
Nt5dc3,atata,TTCGGTACGAGACTCAACTG,atata
Ntrk2,atata,TTCGCACTATACTACTGCGT,atata
Ntrk3,atata,GGAATGGTCTAGCGCATTTA,atata
Nudt3,atata,GTCTGGCGTACAAGATATCG,atata
Nudt4,atata,TTGATTGCTCGTCGTCACTT,atata
Oaz2,atata,ATTGGTATGTCACCGCATTC,atata
Ociad2,atata,AACCCGTATAACTGCGTAAT,atata
Ogdh,atata,CCACGAAATGCGACATGTAG,atata
Opa1,atata,TCATGAGCGGATATTCACCT,atata
Osbpl1a,atata,GTGATTGATCGTACCGGATC,atata
Osbpl3,atata,GCAGTATCCCTCGTTCTTTG,atata
Osbpl6,atata,TTACGCTTTTGGAGCTAACG,atata
Ost4,atata,AGAATCGATGACGAATGCGT,atata
Oxct1,atata,AGCTGCATTGCGCTTATTTC,atata
Oxr1,atata,GCTCACGAAGTCGTAGTGTA,atata
Pacsin1,atata,GTTGCAATTTCCTTCGACGT,atata
Pafah1b1,atata,GTTGATATGTCTCGTTCGCC,atata
Paip2,atata,GCTTGACGACGAGATTAGCT,atata
Pak1,atata,GTTATGTAGGACGCAGATGG,atata
Pak3,atata,ACATCGACGTGGCTTACTAT,atata
Pam,atata,GGCTACTTTGTTTCGTACGA,atata
Park7,atata,TATACGGGCTAACGTTTGAC,atata
Pbx1,atata,GCGTCGAAATTCGTGATTCC,atata
Pcbd1,atata,CCAGGTTGTCGACTCTTCTA,atata
Pcdh1,atata,GACGTATGGTAGTCGCATTG,atata
Pcdh10,atata,ACGTTAGTATAGTCGGCACT,atata
Pcdh15,atata,GGCTGAGTACTTCCGTAGAT,atata
Pcdh17,atata,TTAGTCTTCATTCCGGCTCA,atata
Pcdh19,atata,TACTGCTTCGACTGTAACCA,atata
Pclo,atata,GCGAAGTTTTGTTCCGTCAA,atata
Pcsk2,atata,ATTCGTTTCTGCCGATTCGA,atata
Pdcd5,atata,ACGACGTAATTGCCCTATTG,atata
Pdcl3,atata,TAGTTGACGACCAGAGTACC,atata
Pde2a,atata,TAATTCGCGTCCTGCAATAG,atata
Pde4a,atata,GAAGCCCGATAAAGGTTACA,atata
Pde5a,atata,TTTCGCCCCTATAATAGGTC,atata
Pdgfa,atata,AGCCAACGGATTAGCATTTG,atata
Pdha1,atata,GGATTTTCCGTATCGCTTGT,atata
Pdhb,atata,CGTCGGTGATAGTTTACCTC,atata
Pdp1,atata,CGAGGGTTTACGATCATTCC,atata
Pdxk,atata,TATTATTCGCTTCACGCTGC,atata
Pdzrn4,atata,TTTGCTCTCCGGGATTTAAC,atata
Pea15a,atata,GTGTCGAAACGATTACTCGC,atata
Pebp1,atata,TGCTCGTTGCAATCAGTTCA,atata
Peg3,atata,GCTCTTTAGATGCGAGAGGT,atata
Pex5l,atata,ATTAGGTTGCGTTGCGATTC,atata
Pfdn1,atata,TCGTGCGAGAGAGTTGTAAG,atata
Pfdn2,atata,GTGGAATACTCCGGAAAGTC,atata
Pfdn4,atata,GTTCGTAAGGAATGCGAGTC,atata
Pfkp,atata,GTTCGTTGCTTCGCTTACTG,atata
Pfn2,atata,CTTTGTGTACGTCTTGGCTC,atata
Pgap1,atata,CGAAAAGTTCGCGTCGTATG,atata
Pgk1,atata,CTGTAACAGAGTCGCGTTCT,atata
Pgm2l1,atata,CGTACATGATCGCGACATTC,atata
Pgp,atata,GGATCTCGTACTCGTACCAT,atata
Pgrmc1,atata,TGACGTGGTTACCTTTTACC,atata
Phactr1,atata,TTGTATGGTTGGTCCGTATC,atata
Phf24,atata,AGTTGTAGGTTCCGCTTTTC,atata
Phyh,atata,TTCCGTGTATCGCTTACAGT,atata
Phyhip,atata,GTTACGAGTTACCGGCAATT,atata
Phyhipl,atata,ACGAAACGGACTATGCAATG,atata
Pid1,atata,GAAAGCACATTACCGACGAG,atata
Pin1,atata,AAGTCCGTTGACCGAGTAAT,atata
Pip5k1b,atata,CTATGATTCGGCTGGTTGAG,atata
Pip5k1c,atata,AAGCATCCTACGACCTGTAA,atata
Pitpna,atata,GTATGTTTGCGCATTAAGCC,atata
Pitpnc1,atata,ATCGACCGGTTACGTATAGA,atata
Pja2,atata,TTCTAGTTCAGACGGTGACG,atata
Pkm,atata,TGTTCGTCGTTTACGGACTA,atata
Pkp4,atata,TTGGCGGTCTTCGTATATTC,atata
Plekhb2,atata,TTTCTCAATCCACGGCATTG,atata
Plk2,atata,CGGATTAGCCGTCCTTTATT,atata
Plpp3,atata,GTGTAGAACATTACGCGCTT,atata
Pls3,atata,ATAGCGCAGGATAGTCCATA,atata
Plxna1,atata,TCGAACGATTCGTTGATCCT,atata
Plxna2,atata,CCTAGACCCAACGTTTCAAT,atata
Plxna4,atata,GCTAAGCGTTCCAACGTTAT,atata
Pmepa1,atata,TGGAGTAACTTGGATTCCGA,atata
Pmm1,atata,TTTTCTATGCTCGCGTGTCT,atata
Pmvk,atata,GTCCGGTAAGTATTGAGTCG,atata
Podxl2,atata,TTGATCGAGCGCACTCTTAT,atata
Pomp,atata,GTGGCGATGTTACTGGTAAT,atata
Pop5,atata,ACTAGGTTTCGGATAGCGTA,atata
Ppa1,atata,GTCACTTGTAATTGGCGGAT,atata
Ppfia2,atata,TAATATCTGAGCCGCTAGGA,atata
Ppfia4,atata,CAATTCCGCGTTAGTACCTA,atata
Ppia,atata,GTTGCTTAGCCGCAGTATAA,atata
Ppm1a,atata,TCGGCAATGTTTCGTTTCTG,atata
Ppm1e,atata,GCGTTTTGTGCGTAATGACT,atata
Ppm1h,atata,AGGATTCGCTCATTCGTTGT,atata
Ppm1l,atata,AAGAAGTCTTAGCGACGTCG,atata
Ppme1,atata,TGTCACGCATATTCCTGAGT,atata
Ppp2r1a,atata,CTCGGTATTTGGTAACCCTA,atata
Ppp2r2b,atata,CCTAAACTCCGTATTGCGAA,atata
Ppp2r2c,atata,GATTCTAGTTTTCCGACCCC,atata
Ppp3cb,atata,ACACGATCCATTCTGGACAG,atata
Ppp3r1,atata,TGTGATCTACGACTCGCTTG,atata
Prdx1,atata,AATACGTCGTTTGGGTACAC,atata
Prdx2,atata,ATTAATTCGCCTTACCCGAA,atata
Prkaca,atata,ACGCATGTATTTACACCGTG,atata
Prkacb,atata,ATTATTCGTCTGGCGTCAGT,atata
Prkar1b,atata,CCGAAGTCAACGCATGAATG,atata
Prkcb,atata,TCATAATCTATCGGCGTCCA,atata
Prkcd  ,atata,CCTTAGCCGCATAGGTATAA,atata
Prkce,atata,TAACCTCATCGTAACGCTCT,atata
Prmt1,atata,CTTGAGCTTAACGATGGTGG,atata
Prmt2,atata,GGCGTGCGTAAATAGTAAGT,atata
Prmt8,atata,GTCTTGAGTAGGACGCATGT,atata
Prnp,atata,ACTGATTTAATGGGTTCGCC,atata
Prr13,atata,ACTAGATGATCGTCGTGTGG,atata
Prrc2b,atata,TGTCGAGTTTCACTATCCCA,atata
Psap,atata,AGGGTACAAATTTACGCCTC,atata
Psd,atata,TCTCGCTAGTGGTAGATTCC,atata
Psd3,atata,GATGGGTTGCACTGTCATTG,atata
Psma2,atata,ATCTGTTACGATGCCATCCT,atata
Psma4,atata,AAGCCCATGTTCGCTAAATG,atata
Psma5,atata,TTGTCGGACTCATGCACTAA,atata
Psma6,atata,TGCGACGAGTTATGAGTCTC,atata
Psma7,atata,TGAACCGAACCTAATTGCAC,atata
Psmb1,atata,CTTATAACGGGTTGTTACCC,atata
Psmb10,atata,GGACATATACCAGGCGTTTT,atata
Psmb2,atata,TAACTATTTCTAGCGCGGTG,atata
Psmb3,atata,TTCCATATGAGTGCGCTAGT,atata
Psmb4,atata,CCGTTAGGTGAATAGTGGAC,atata
Psmb5,atata,TGAAGCCTATAGTACGCTGA,atata
Psmb6,atata,AAACCAGCATAGTATACGCG,atata
Psmc1,atata,TCTAAGCTAGTGACGATGCG,atata
Psmc5,atata,ACTTCACGAACTCCTAGAGG,atata
Psmd8,atata,AATTCCAGCTACGACGAAGT,atata
Ptgfrn,atata,GTTTCTTGCACACCGAACAG,atata
Ptms,atata,ACCGGCGTTATAAACAACAT,atata
Ptp4a2,atata,TAATAACTCGCTCGTCGCTT,atata
Ptprd,atata,CGTTAGTTAACGCAGAGTCC,atata
Ptpre,atata,ATGTAACACCGGTAATGTCC,atata
Ptprf,atata,TTAACGGAACCGCTAGATTG,atata
Ptprn,atata,ACCGACTGGACGATAACATA,atata
Ptprs,atata,CTTGTTCACACGGACAAACG,atata
Ptprt,atata,CTACTTAGGTCGGTGGATTG,atata
Ptprz1,atata,TAACTTGTACCCCGTATAGC,atata
Purb,atata,CACGTTAAGTTAGCGCTGTA,atata
Pvrl1,atata,ATTTACGACTAGGCTCACGA,atata
Pvrl3,atata,GCTCGTGTAGTTCCAACAAG,atata
Pygb,atata,CGCACGTACTCAATTCTTCG,atata
Qk,atata,GCACTTGCAAGCGATTACTC,atata
Rab11fip4,atata,TTGCGTATTACCGTTAGCTT,atata
Rab15,atata,CGATTACTGGTCGAAGTTCC,atata
Rab1a,atata,GATATGTTCGACCAACTGCG,atata
Rab26,atata,TACATAAATCGGTGTACGCC,atata
Rab27b,atata,CATTACGTAACAGGCGACAG,atata
Rab3a,atata,GTTCCGTAGAAGTTCGTTGC,atata
Rab6a,atata,CTACACAACCTGCGGATTAG,atata
Rab6b,atata,ACTTTCTTGCGAGACGATCC,atata
Rab7,atata,CTTTAGTCGACGGGCATATC,atata
Rabac1,atata,CAATTTGGACGCTTTCGCTA,atata
Rac3,atata,ATTCGTAATGCGGAAGTTCG,atata
Rala,atata,GATAATTCGTCGGTAGGCTC,atata
Ran,atata,GACTTACTGGCGATTCGAAC,atata
Ranbp1,atata,GTCAATGACGATGGGTATCC,atata
Rangap1,atata,CTGCAAACAATCGAAGACGG,atata
Rap1gap2,atata,CCATCGCAACAACGTAAGAG,atata
Rap1gds1,atata,CGAGAAGCGTATGTCGAACT,atata
Raph1,atata,GACGATAAACGCCTTCTCAC,atata
Rasgef1a,atata,TATGGACGATCACATCACGT,atata
Rasgrf1,atata,ATGAACCATCTGTCGTCTCC,atata
Rasgrp2,atata,TCATGGTATAATCTACCGCC,atata
Rbfox2,atata,TATTCCGATTGGTTGAACGC,atata
Rbms1,atata,TGTTCTGATCTGTCGAACGG,atata
Rcan2,atata,ATCTCGGTAATTCGAACGCA,atata
Rcan3,atata,CCTAGTCTAAAATCGCGTCG,atata
Reep1,atata,ACGTTACAGAATTATCCGGG,atata
Reep5,atata,TCATGCGATTATCCCTCACA,atata
Rell2,atata,TTGAGGTCCGTGAATATCGT,atata
Reps2,atata,CGCATGGACGGTATGAATTT,atata
Rexo2,atata,CTTCGTTAGTTCACCATCGG,atata
Rgs2,atata,TAGGCCAAATACCGTGTTAG,atata
Rgs7bp,atata,TGCTCGTCACGGATATAGTC,atata
Rheb,atata,GAGACGCGCTAGATCACTTT,atata
Rimbp2,atata,ATCGAATTACCATCGCGACT,atata
Rims1,atata,AGATAACGGAAGGCGAATTG,atata
Rims3,atata,TAGTCTTGAGACGAGCCAAC,atata
Rit2,atata,AAGTTCGTGTCTCCGAAGAG,atata
Rln3  ,atata,CAAGTATCTGTTTCGCCGTC,atata
Rnf112,atata,AGACACGCGATTGTTTAACC,atata
Rnf14,atata,GGGGTGTACCGATTATAACT,atata
Rnf165,atata,ATCATAGTCGATCCGTGGTA,atata
Rnf187,atata,TTCTATCCGTCGGCTATAGT,atata
Robo2,atata,TAAAACTTGCTCGGTATGGC,atata
Romo1,atata,ACGTCTGTATCTCGCGTATG,atata
RP23-291B1.2,atata,TAGTTCGATCGGTTCGCTTA,atata
Rph3a,atata,GAGTTTACGCGAGGTGATTC,atata
Rpl10,atata,TGCTACGTAAATCAATCGCG,atata
Rpl10a,atata,CATCAAATCAACGACGGGTC,atata
Rpl11,atata,CCTTAAATTGCGAGTAGCCA,atata
Rpl13a,atata,GGGTACGCTATTGACTAGAC,atata
Rpl14,atata,CTTAAAAGTTCTGCGCTGGT,atata
Rpl15,atata,TGAATGATCCTTCGTCGTCG,atata
Rpl21,atata,TGTGGTTAAGCGGGTATAAA,atata
Rpl22l1,atata,GTATACTTGTCGCTGCTACC,atata
Rpl27,atata,GTTACAGCGTACTTAAGCGT,atata
Rpl32,atata,AGGATTGACACCTCGCAATA,atata
Rpl34,atata,TAGGTTGAATGGCCGATATC,atata
Rpl35,atata,CGTCGTATTAGATCCGGTTC,atata
Rpl35a,atata,GTTGTTCAATGCGTTCACGT,atata
Rpl36,atata,TATCGCAGATCACGATGCTC,atata
Rpl36a,atata,AAATCTTGTTTGGACGTCGC,atata
Rpl38,atata,GTCTGACGATTCTAGCGTGA,atata
Rpl39,atata,ATCGATACTTGCTACGTGCA,atata
Rpl6,atata,CAATGGTATTCGTCGGTTCA,atata
Rplp0,atata,TTGCAATTCGGAGACGATCA,atata
Rps12,atata,CTGGATTAACCGAACGCTTT,atata
Rps15a,atata,TGCGTAGTAGTTCAACACGT,atata
Rps20,atata,GGATTACAACGGAGATAGGG,atata
Rps26,atata,TTACACGATGTCGTCCAAGT,atata
Rps27a,atata,CAACGCTACGCTGTTCATAA,atata
Rps29,atata,TTCGTGTACGCAATCTCGAT,atata
Rps3a1,atata,GTGTCGTTCACCAACGATAG,atata
Rps4x,atata,GTCACGACTAGACGCGAATA,atata
Rps5,atata,CGTGTGTCATTAGTGCGTTG,atata
Rps6,atata,AATTCCTTATATGCGCCGAG,atata
Rps9,atata,AATTCGACCATTAGCGAGCT,atata
Rtn1,atata,ATTTAGGTCGAGCCTGAGTT,atata
Rtn3,atata,GTTTCTAGGACCGAACACTG,atata
Rtn4,atata,TCGCAGTATAAGCTCGTCTC,atata
Rtn4rl1,atata,ATCGTTTGTCCGTTGGTATC,atata
Rufy3,atata,TTTTCGGAGTGTAATCGCAC,atata
Rundc3a,atata,TTGGTATACGTGCGAAACAC,atata
Rwdd2a,atata,TTGGCGAGGACAGATATTCT,atata
S100a10,atata,GTCGAGTAGTCTCCCTACAG,atata
S100b,atata,TTACTCTCGGTCCGTGATAA,atata
Samd4,atata,GATGTTCGGGTATTCCATCG,atata
Saraf,atata,TTAGTATCTCCGGGAGCTTA,atata
Sat1,atata,CAGCGTCGAGTCATTATACC,atata
Scamp1,atata,GGCATGGTGTTAGTAACGAT,atata
Scamp5,atata,CTTCACATTTACGCTAGCCA,atata
Sccpdh,atata,CAAGGTCGTTCCATGAACAC,atata
Scd2,atata,GAGCTTAACGGGTAGATAGC,atata
Scg3,atata,ACACGATTAGTTCTGCCGAA,atata
Scn2a1,atata,GAAAATTGCGTATCTCCCCT,atata
Scn2b,atata,GCATCGTTAATCACTGGACG,atata
Scn3b,atata,AGATTCGTTTCCGCTGTAGT,atata
Scn8a,atata,TTACGCTAGACCGAATACCT,atata
Scrn1,atata,TATATCCTGGTTTCGGGTAC,atata
Sdc3,atata,CTCCAGTAATCGTACGTAGG,atata
Sdf2,atata,TATAGCGCGATAGTGGTCTA,atata
Sdhb,atata,GTAGAATATGTAAGCGGCCT,atata
Sec11c,atata,CTCAGTGCCGAGTTCACTAA,atata
Sec62,atata,CAAGTCGATTAACGGCAACA,atata
Sel1l3,atata,CTTTTCGAGCGGTATGAGTG,atata
Selk,atata,GATGACTTCCGACCGATCTA,atata
Selm,atata,GAATCCATTACGTTCGCGAC,atata
Selt,atata,GAGGTGTCGAGCTATGTCTA,atata
Sema6a,atata,CGAGCTCTGACACGTAGATT,atata
Sema7a,atata,TGTCGTAAGCGTCGATGTTA,atata
Sepp1,atata,ATATGTGTTGCGCTCCTTAC,atata
03-Sep,atata,CTAGGTTATGACCGCCTTAA,atata
04-Sep,atata,ATGTGACATATCGGCGAAGT,atata
07-Sep,atata,TAGTGATCCACTTCGATCGC,atata
08-Sep,atata,AAGGTCTTTGTTACGCAACG,atata
Serf1,atata,TATACTATACCCCATCGGTG,atata
Serf2,atata,TGAAGTAAAATTCCGCCCTG,atata
Serinc1,atata,AGTGTGTCGCGAGATTGAAC,atata
Serp2,atata,CGTTTCGGAAGTCCGTATTA,atata
Serpinb6a,atata,AGTTATATGGATCGCTCGCT,atata
Sertm1,atata,AGAGCTTCGTCAACCAAGTT,atata
Set,atata,CTGTGTTGTCCGCACTATTG,atata
Setd7,atata,AAGTAACTCTCACCGCAGTT,atata
Sez6,atata,GATAAAGGCCTTAGTCCGAG,atata
Sez6l,atata,AAATATCAGGCGATGTACCC,atata
Sfxn1,atata,CGACGAATTGTATAGGCGTT,atata
Sh3bgrl3,atata,ACGCTAAGATTCGAGTCCTG,atata
Sh3gl2,atata,GCTTATTCGTGCCGTGTTAT,atata
Shisa4,atata,TGAAATACGTCGCTTCGTGT,atata
Shisa9,atata,GTTCGTTTGCTTGACGTCTC,atata
Sipa1l2,atata,GTAAGCGGTAACCCTTTGAT,atata
Sirpa,atata,TATTGTGTTACGCTCTTGCC,atata
Slc12a5,atata,GTTGCCTGATTCCCGTTATA,atata
Slc22a23,atata,TAGCTATCGGGGTCTAAGAA,atata
Slc24a3,atata,TTGTTACTCGTATGGCATGG,atata
Slc25a22,atata,TAGAGCATCGGTACGTTCTC,atata
Slc25a3,atata,CTTATACGGGCCAACTTACT,atata
Slc25a4,atata,GGTCATGCATCTGTCGAGAA,atata
Slc25a5,atata,AGAATCGTCTATTCGTGGCA,atata
Slc2a13,atata,CATACACGGTACTTTGGCTA,atata
Slc2a3,atata,TGTTGTCGTACCACGTATTG,atata
Slc35f1,atata,CGGTGTAGGTCTATTTGTCC,atata
Slc36a1,atata,AGTAATCAGAGTGCTCGACC,atata
Slc38a1,atata,TAAATACACTCTCCGCGACA,atata
Slc4a4,atata,TCTGTGCGGTCAATTCTCAA,atata
Slc5a5,atata,GTAAAATCGACTCGGGACAG,atata
Slc6a6,atata,GGTGCGTTTCGTGATCTTAC,atata
Slc6a7,atata,GTCATATCTTGTTCGGGCTG,atata
Slc7a1,atata,GCACTATTGTCGCGTTAGAG,atata
Slc7a8,atata,GGTGCATAAAGTGATCGGAG,atata
Slc8a2,atata,CTCTTGACACGTCCGAGTTT,atata
Slit2,atata,TTCATAGCTCGTCATCCCAT,atata
Slitrk4,atata,AGCGTCGGATTAGATTGTGT,atata
Slitrk5,atata,CGGCAGTTTACTCTATGACG,atata
Slu7,atata,GCTTTCGGATCCATTTTCGA,atata
Smim13,atata,TGCTACTTTTCGTCGAACGA,atata
Smpd3,atata,CTAGATACGAAGGCCCATTT,atata
Snap47,atata,GTCAAGTTCCGCGTTATGTT,atata
Snap91,atata,AGATGGGTAACGCTCTTAGA,atata
Snn,atata,CTTAGTCGGGTAAATTCCGT,atata
Snph,atata,TGAGTCTCTTCGTAGGGTTC,atata
Snrpn,atata,TATTACGCACCTACCTTGTC,atata
Snx10,atata,TACCAACATACCTCGGTCTA,atata
Sobp,atata,GTGCATCTAATCTATCGCCG,atata
Socs2,atata,ATTTGGCGATAGACCAGTGA,atata
Sod2,atata,TTAGCGTCTTCGACTGAGTG,atata
Sorl1,atata,CCTCGACAGACGCTTCTATT,atata
Sort1,atata,TGCGGTACATATAGTGCTCA,atata
Sox4,atata,ATATCGACGTTATTGGTCCG,atata
Sox5,atata,ATTGCGTCGTTGCCTAATAC,atata
Spcs1,atata,TAGAAGACTCGATTGCCCTT,atata
Spcs2,atata,CAGTAATCGGATACTCCACC,atata
Spock1,atata,GTTGAAACGTAACGTCGCTC,atata
Spock2,atata,CGTTGTAGCTCCGATCTTTG,atata
Spock3,atata,GTTTTACTTGACGGAGTCCG,atata
Sprn,atata,GGACTGTCGTGCACTTTTAG,atata
Sptbn1,atata,CAGATATCAAGACCCGGACT,atata
Sptbn2,atata,GCGGGTTGATCACTATAGTC,atata
Sqstm1,atata,CTCGTTCCGCGAAATGTAAA,atata
Srcin1,atata,GTCTGTCGATAACGCAGTCT,atata
Srgap3,atata,CGTAACTTTTAAACCGGCTG,atata
Sri,atata,AGAAGGTTTATGAGTCCGGT,atata
Srp14,atata,ATGTCTAGTCTCAACGGACG,atata
Srp9,atata,AGTTACCTAATCGTAAGCGC,atata
Srxn1,atata,GGATTAATCGCAGCACCAAT,atata
Ssbp2,atata,GCTTGTCATAAATTCGGCGT,atata
Ssr4,atata,TCTGTCTCGGCTAAATGCAT,atata
Ssu72,atata,TGCTATTGAACCGGTGTTAG,atata
St3gal5,atata,TTGACCGTGTATTCAGCTGT,atata
St6galnac5,atata,GGTCTCGATACCCGTTAATC,atata
Stau2,atata,GGCAGCGTATTTTCGTATGT,atata
Stmn2,atata,TTCGCTAAGATAGAGCCGAG,atata
Stmn3,atata,GCGACGGTCTTAATTGGATC,atata
Stmn4,atata,AAACCAGCTTAGCGTAGTCT,atata
Strbp,atata,TCATCTCTTCGACCAGCAAC,atata
Stx1b,atata,CGGGTGTCGTACTAAAAGTC,atata
Stxbp1,atata,GGCATTACGTCCTCTTACTG,atata
Stxbp6,atata,CTACCGATATTTCGGTCACC,atata
Sub1,atata,CTATAGGTTGGTAGGCGAAA,atata
Suclg1,atata,CCAATTTGAAGACGACCAGC,atata
Sult4a1,atata,AGTGAGACTCTTACGCCATG,atata
Sv2a,atata,GTTACGTACTAACGGCTGTC,atata
Swi5,atata,GTGTAATAACGAGCAGCGTT,atata
Svop,atata,TGTAGCGGTTTTATCTTCGC,atata
Syn1,atata,CCTAATTAAGCCACCGTGTA,atata
Syn2,atata,CGGTGAAGTAAAGATGCGTC,atata
Syne1,atata,TGTAGTCGTGGTCACCTATC,atata
Syngr1,atata,CAGATTAATCTCGCACGGAC,atata
Syngr3,atata,ACATGTCGCAATCGTATCGA,atata
Synj1,atata,TGACAGTACTAGCGAAGTGG,atata
Synm,atata,ATTGTGACGGTACTGCTAGT,atata
Synpo,atata,GTCAATCATTCGGTGGGTAA,atata
Syp,atata,GTCTTCTAATGCGGCGAAAA,atata
Syt11,atata,GGACTCGTGCGTAATATTCC,atata
Syt13,atata,GAGGTGATCCGAATCGTTGA,atata
Syt17,atata,GTAACGTCTGATGGCCATTC,atata
Syt7,atata,TGGACAGTTCGGAATCATGA,atata
Taf13,atata,TAAACAGTGCAATTCGTCCG,atata
Tagln3,atata,GCTGGTCGATATATTACGCA,atata
Tanc1,atata,TTGACACGTGATGTATCGGA,atata
Tbc1d9,atata,TATCAACGATGCGGTACTCA,atata
Tbca,atata,TTTATCAAAGCGGCACTTCC,atata
Tbcb,atata,CAAGAGACGTCCTGACGTAT,atata
Tcaf1,atata,TGGATTCGACTACTCACAGG,atata
Tceb1,atata,GTAAATCGTTCCGGAGGTTA,atata
Tceb2,atata,CAGTACGTAGAGGACGACAT,atata
Tcf25,atata,CCGACTCACGAATATGTCGA,atata
Tenm1,atata,CGTCGAGTGACTCTATCGTG,atata
Tenm2,atata,GTTTTGACCGAATAGCCGAA,atata
Tenm3,atata,TTAACTTGCATCCTCGCTCT,atata
Tenm4,atata,TTCGGGAAATCTATCCGTCT,atata
Tesc,atata,GAGGGCATGATACTACGTAG,atata
Tgfb2,atata,GTAAATTCTTCCGCAGGCTA,atata
Tgoln1,atata,GATCGAATCGCATGACGTCT,atata
Thra,atata,CACGATTTGTTCCGTCCTAG,atata
Timm8b,atata,GGTATGTCGCTCTAATGCAC,atata
Timp2,atata,TGTCGTTTGGTACGTTCACT,atata
Tle4,atata,TTGTCGGTACTCTAAGCGTT,atata
Tmcc3,atata,TGTGTTCTTGACCGAATCGA,atata
Tmeff1,atata,CGATTGTCTAACAGGCGTAC,atata
Tmeff2,atata,GGTGTCGATCGCTATGATCA,atata
Tmem127,atata,CATCTGTAGTCGGTAGTCGT,atata
Tmem132a,atata,GATGCCGATTCGCTCTAATC,atata
Tmem132b,atata,ACTTGATTAGTCCGCCTCAA,atata
Tmem147,atata,GTATGGCGTCGAAACTGAAG,atata
Tmem151a,atata,GCTGGTAATGCGACTCTAAC,atata
Tmem151b,atata,GAATTTGCATGACCCCATGT,atata
Tmem160,atata,TATCTCGACGATGCGTCTTG,atata
Tmem176b,atata,CCCGCAGTACTCGTATATAA,atata
Tmem178b,atata,AGAACGCCTAGTGAGAGAAC,atata
Tmem229b,atata,TACCGTTGTTGGTAATCCTC,atata
Tmem256,atata,GGCGTATCTGATCGATCCTA,atata
Tmem30a,atata,CATACACAGATCGAGGACCA,atata
Tmem50a,atata,CTGAGTGCGACGATCTACTC,atata
Tmem50b,atata,GCATCCCGACTATCGATTAG,atata
Tmem59l,atata,GCGTAGTTGAATCGGGAATC,atata
Tmem65,atata,GTACTCTACGGACTGAGACG,atata
Tmod2,atata,TCGACGGAAGACCCTTATTA,atata
Tmx2,atata,ATATACGATTGCGTTACGCG,atata
Tnfrsf21,atata,GAAAAGGTGTCCTATCGTGG,atata
Tom1l2,atata,CTTCCGTAAAGCGAGTAAGC,atata
Tomm5,atata,GATATGAATGCTCGTCGTGG,atata
Tomm70a,atata,CAATAATCTACGTACGGCGT,atata
Tonsl,atata,CGACTTTTCGTTGAGGTTCC,atata
Tox2,atata,CGCTCTAGTTATTGGTGTCG,atata
Tpd52,atata,ATATTATGCGATCGGTTCGC,atata
Tpm2,atata,CCGCATCTAATTCTACGCTG,atata
Tpm3-rs7,atata,ATACGCTCGTCTGAATGGAG,atata
Tppp,atata,GGACCTACCGCAGATATAAC,atata
Tprgl,atata,GTCTCTGCTGATCGTATGGT,atata
Tpt1,atata,CAGCATTAAGTAGTCCGCAG,atata
Trappc2l,atata,GCTGGTACGACTCTGTAGTA,atata
Trappc4,atata,TAAGTTGGTCCGCAAGTTAC,atata
Trim2,atata,TGTAATTTCGCCAACGTGTG,atata
Trim37,atata,GTATCGGTATCACGGTTAGG,atata
Trim44,atata,TTCTTTCGTTGGAGTGTCGT,atata
Trim9,atata,TGGTTATCGTACGGAACATG,atata
Trnp1,atata,TCCTACTTACGGTGTATCCT,atata
Trp53inp2,atata,GTACTTGTGCGTCAGACTCT,atata
Tsc22d1,atata,GGACCCGTAGATACTATTGC,atata
Tsen34,atata,GCTTGACGTAACCAGTATCG,atata
Tsnax,atata,GAGCTTCCGGGATAAAACTT,atata
Tspan13,atata,ATTGTTCGATAAGGCCGAGA,atata
Tspan17,atata,TGACGCACCTAAGCAAATTC,atata
Tspan2,atata,GATGATTTATCACGCGCGAC,atata
Tspan3,atata,GAACGCATCCGAACACTTAC,atata
Tspan5,atata,GATACCACGGACGCAAATTT,atata
Tspan7,atata,GTATTGTAGTCAACGCCGTC,atata
Tspan9,atata,TGAGCAGCGGTTTTCTATGA,atata
Tspyl4,atata,CGTTGATTATCGGGGTCATA,atata
Ttc3,atata,ATCTTCCATCACCGCAATCA,atata
Ttc7b,atata,CACAAGGGTGTATGACCAAG,atata
Ttc9b,atata,ATGGTTGTACGTAAAGTCGC,atata
Ttll7,atata,TTAGCGCATATGTGTTCACC,atata
Ttyh1,atata,TAATCCTACGTCCTGCTTGA,atata
Ttyh3,atata,CGTAGCATTTACACCGACAG,atata
Tuba1b,atata,GATAGAAGACAATGCGGCTG,atata
Tuba4a,atata,TCCTGTGATAGACGTACTGG,atata
Tubb2a,atata,TTATATTGGACCGTACCGAC,atata
Tubb3,atata,GTAGATAGCGACATGCTCCT,atata
Tubb4a,atata,GGCGTTGACTTACATCGTTC,atata
Tubb4b,atata,TTCCCAGCAAGATTCGTTCT,atata
Tubb5,atata,GGTCGTGTAATCCGGTTTTA,atata
Txn1,atata,AAGCACGGTACTTGCATTTC,atata
Txndc15,atata,GATAGTCTCGTAAGACGGCT,atata
Txndc17,atata,TGGTCTGGTCCGTTCTTAAT,atata
Tyro3,atata,TACGTAGTTCGCAAATTCCC,atata
Ubc,atata,GATTGGTTGTCCGGATCTAC,atata
Ube2b,atata,CTAGGACCGTACGAGAGTAT,atata
Ube2e3,atata,GAACCTCTTAATTGGGTGGT,atata
Ube2m,atata,GTGTGACTCGGTACATCTGA,atata
Ube2ql1,atata,CGTTTATTGCGGACTCTCTG,atata
Ube2z,atata,ATACTGTCGTTGTACTGGCT,atata
Ubl3,atata,ATGTCTATCGGTTCGCTCAA,atata
Ubl5,atata,TTAAAAGTTAGCCACGCTCC,atata
Uchl1,atata,TGCCTTAGCGAGTATCATCT,atata
Ucp2,atata,CATAGCTGTTGGACGTACAG,atata
Cryba2,atata,TTGTTTCCGAGATGCGTAAC,atata
Crym,atata,GAAGTATACGACGCTATGCG,atata
Cspg5,atata,CTATATCAACTCGGCCTTCC,atata
Ctsb,atata,TCGTCGTATATGCGTTGTCT,atata
Ctsd,atata,GTAGGCGGAATATTGACGTC,atata
Ctxn1,atata,GTGGTAGAATCGTGGTCAAC,atata
Ctxn2,atata,ACAACGCCTAAACTAAGTGC,atata
Ctxn3,atata,CTGGTCGAAGCCTCTAATGA,atata
Cxcl12,atata,TAATCAGCTTGTCGCCTTCA,atata
Cxcl14,atata,CGGTTATGCGGTCTTTCATT,atata
Cygb,atata,TGCAGAGGGACTTATCACTT,atata
Cyp26b1,atata,AACACTCATGCGCTAGTCAA,atata
Dbh,atata,TATGGTTATCGAAAGGCAGG,atata
Dbi,atata,GTACGTAGACGTATGGCATC,atata
Dcn,atata,TTGGACTCGTCTCGCATTAA,atata
Ddc,atata,TGTGTAATCGTGTCGCTGTA,atata
Ddn,atata,AAGGTGGAAGCTATCGAACT,atata
Deptor,atata,TATAACGTTTACGGGACTCG,atata
Dgkg,atata,CGAGATAATACGACTAGGCC,atata
Dgkk,atata,GATACGTATTTTGCGCGTCA,atata
Diablo,atata,GCATTTTACTCGTCGTCTGG,atata
Diras1,atata,TTTGTACGCTACATCGGTTC,atata
Diras2,atata,AGGGGTAATCTACGAGTGTT,atata
Dkk3,atata,TCTATCTAGCCCAATCCGTA,atata
Dkkl1,atata,AGAGTTGACGCCTGCTATTA,atata
Dlk1,atata,GGGTTAACGTCGTAATCGTT,atata
Dlx1,atata,GTGTTCGCGTAACTTCAGTG,atata
Dlx6os1,atata,ATCGTGTTAATTGCTTCCCG,atata
Dmkn,atata,AGTGCCTTTACTACGCAATC,atata
Dner,atata,CAGCGGATCACGTTAATCAG,atata
Doc2a,atata,GGCACTATAGTTCACGGATC,atata
Dpy19l1,atata,TGTGTCTACGTCCACGAAAT,atata
Dusp1,atata,GCTACGTTTTCTGGAACGAG,atata
E530001K10Rik,atata,TATGCCATTGGTCGAGAACT,atata
Ebf1,atata,TATTTGCACGGTTAACGGAT,atata
Ebf3,atata,AATATCTATCGCGACGGCTA,atata
Ecel1,atata,GTCTCGATCACTGACAGTCC,atata
Efr3a,atata,TGCGGATACATCTATCGGAT,atata
Egln3,atata,CGAAATTATCGGTTCGTGCT,atata
Egr4,atata,CGACAGAAGTTCGATTTGGG,atata
Elavl2,atata,TTCCATAACGCAAAGCTACC,atata
Elavl4,atata,ATACGCTCTTTTCGTGGTTG,atata
Elfn1,atata,AATAGGGCTTGATACTTCGG,atata
Elovl5,atata,CAGGATTTTCTACGCCGAAT,atata
En1,atata,TCATCAGAGTGCGTACTTCG,atata
Enc1,atata,TCATAAACGTCGGTCTAGGA,atata
Enpp2,atata,GGTTAACCGTCAATACGTGT,atata
Ephb6,atata,ATTTCTTGACGAGACGGAGG,atata
Erbb4,atata,ATAGATCGTGGTCTCGAACC,atata
Etv1,atata,AGCTATGACTAGACCCGTTT,atata
Ufsp1,atata,TTCTCCGTGATATGTAGGCA,atata
Uhmk1,atata,GTCGTCGAGATACGTACCTA,atata
Unc13a,atata,CTTGTATGGTAACGCAGGAA,atata
Unc80,atata,CTAGGTGTTAAGCCGTCAAA,atata
Uqcr10,atata,TACATACCGTCCACCTAAAC,atata
Uqcr11,atata,AATCGAGTCTTACTCCGACG,atata
Uqcrb,atata,TAGCTGTATAACCGCACTTG,atata
Uqcrc1,atata,CTTATATGGCGTAGCATGGT,atata
Uqcrc2,atata,GCATCGAGCAGTTATAGGAC,atata
Uqcrfs1,atata,ATTACAATTTCGGGCTTGGT,atata
Uqcrh,atata,GGGCTAGATTAAACTCGGAC,atata
Usmg5,atata,ATTAACCGTTCTTGCTAGCC,atata
Usp22,atata,TATTTGCGCATCGTCGTTTC,atata
Usp46,atata,CGCCTTCGGTTTTAACAAAC,atata
Utrn,atata,AGATTTGCCGTTTCGATTCG,atata
Uts2b,atata,AAACCGCCCTATATGAACAG,atata
Vamp2,atata,GCTATGACTCTTACGAACGC,atata
Vapa,atata,GTTGTTTCGTAACTACGGGA,atata
Vapb,atata,TGTATAGTTAGGGCCGTTTC,atata
Wasf1,atata,TAAGTTATAATGCTCGCGGC,atata
Wbp2,atata,GACGGGATATCTATACGACC,atata
Wbp5,atata,GCATACATTAATCGGCGGAT,atata
Wbscr17,atata,GGAGGACAGATCGAGGTAAT,atata
Vdac1,atata,CATGCTAAGGATCGTTGGAG,atata
Vdac2,atata,CACGTGATGTTCGTATGTCC,atata
Vdac3,atata,GCATACGGATTTTGTCGCTT,atata
Wdr6,atata,GATATCGCCCATCAGTTACG,atata
Wdr7,atata,ACACCCGAAATCGTTTTGAG,atata
Wdr89,atata,ACTTAGTCTTTTCGGGCTCA,atata
Whrn,atata,GACTATGATAGCGAACAGCC,atata
Vimp,atata,CTACTTGTCGGAGGTCAAGT,atata
Vps29,atata,TGGTCGCTTATACTGACGAA,atata
Wsb2,atata,TGTCGCTAATCCTTAGTCCA,atata
Wscd1,atata,ACGTTGTCTATTACCCGTAC,atata
Ybx1,atata,TGTCACAGAGGCGATTTCAT,atata
Ywhab,atata,TTTTGTGACGAACGCCAAAG,atata
Ywhag,atata,CATTAGTTGCGTACGTACCA,atata
Ywhah,atata,TACGCGAGACAGTCATTCAG,atata
Ywhaz,atata,GATAGCACGTTGCTGACTCT,atata
Zbtb18,atata,ATCTAGTTAGTACCGGGTCA,atata
Zbtb7a,atata,GACATGCGTCTGCTTAGAGT,atata
Zcchc18,atata,AGTGGAGACTTCGCTATACG,atata
Zdhhc2,atata,GACATGTTTTACGCGCAACT,atata
Zfos1,atata,CTCGGAATGGCGTTTACTAG,atata
Zfp385b,atata,GTATCGCGTAAGTTACTCCG,atata
Zfp462,atata,GAATAATTGTGCCGCTCCTT,atata
Zfp536,atata,GTCATGCTTGACGTGTGAGT,atata
Zfp706,atata,GCCGACCAATATCGTTTGTT,atata
Zfp804a,atata,GAGTCGATCTCGTCGTCTTC,atata
Zmat2,atata,TGCTGATTACATCCGCTGAT,atata
Zmat4,atata,TTTATGAACGACCTTGCCAG,atata
Zwint,atata,GCTTTTGTTTCGATTCCGCA,atata
Zyg11b,atata,GATTCTTGTCGTGATACGGC,atata
Zyx,atata,AGCCGATGAACAATAGCTGT,atata
Evx1os,atata,ATTGTAGATCGCCTTTTCGG,atata
Fabp7,atata,AGACACAACGTAGCCGATTA,atata
Fam183b,atata,TCTTAAGTCGACCCCTGATA,atata
Fam19a1,atata,TCAGCACTACGTCAAAGCTT,atata
Fam19a2,atata,CATTGTTCAGAAAGCGACGC,atata
Fam20c,atata,GTTCCTTACGTAGTACGTCC,atata
Fam46a,atata,AATAGTGTCCTCGTGTCGTT,atata
Fam84a,atata,TTGCTACAAGTTCGCAATGC,atata
Fbxo2,atata,CTGCTACGAGTCCATATCCT,atata
Fev,atata,CAATCACGGCACATCATAGC,atata
Fezf2,atata,TGACATCTAGGATCCACCAC,atata
Fgf1,atata,TTATGGCATTACGCGATCTG,atata
Fgf13,atata,AAACTCCGAATAAGCGCTTC,atata
Fgfr1,atata,CTGCGAGAATTAGGGATAGC,atata
Fibcd1,atata,TCCGCCTAGTGTAGATTACA,atata
Fign,atata,CGTATGGAATCACGCCTAAT,atata
Fjx1,atata,GTTTCTTTACCGTGACCGAC,atata
Fkbp1b,atata,TAACGGTCATTATGCGCATG,atata
Fn1,atata,AGGTCACTATCGTAGTCACG,atata
Fndc5,atata,GATATACCGAAACCCCTGTA,atata
Fos,atata,ATACTTCGAAATGCGGGTTG,atata
Foxp2,atata,TGAGCGTTGTCGAAGTGTAA,atata
Fst,atata,CGGACTCGCAATGACATTAG,atata
Fstl5,atata,CTAATTCCCCGGATTAAACC,atata
Fth1,atata,AAGGTGTAAGCGGAACTTTC,atata
Ftl1,atata,GTGTTGTCGAAGCGTCAGAT,atata
Fxyd6,atata,ACCAGATGAATCGCGTGTTA,atata
Fxyd7,atata,GTGTTAGAAGATAGCGACCG,atata
Gabre,atata,TAGCATTCAAACGACCCAAC,atata
Gabrg1,atata,GGGGATATGTACGTTTGCTA,atata
Gabrq,atata,GTTTTCGTAACAGAGCCTCC,atata
Gad1,atata,ACTACGGAGAGTGATCTCGA,atata
Gad2,atata,GTTTAGTTTACCGGACCACT,atata
Gadd45g,atata,CTTATTCACGTATTGGCCCA,atata
Gal,atata,GTAGTTTAGGACCGCGATTT,atata
Galnt14,atata,TAGACTAAGCCGGTTCAGAG,atata
Gap43,atata,GCGTTAGGTCTACGCTTTAG,atata
Garnl3,atata,TGATTTGAGTCTCGTTGCGT,atata
Gata2,atata,TGTCGTTACGGATAACTCCA,atata
Gch1,atata,GGGTCGGTATCCATATCTTT,atata
Gchfr,atata,CCGATCAGCTATATATCGCG,atata
Gda,atata,TAAGTAGTCTCGGCAACCAT,atata
Gfra1,atata,AAGAAATATAACGCGACGCG,atata
Gjd2,atata,TCTAATATGGTTACGCCAGC,atata
Glra2,atata,CTTCGAACGTTTCGGCTTAG,atata
Gm10605,atata,CCTTGATTTCGCACCGATTT,atata
Gm11744,atata,TAGCTTAATACGGCTTACGG,atata
Gm13205,atata,CTTTTAGACGGCTCGATTGC,atata
Gm13629,atata,CGTAATCATTTGCGCAGGAA,atata
Gm17750,atata,ATGACCGGCCTAATGTAATC,atata
Gm2115,atata,CTCATACGAATACGTCTGCC,atata
Gm2694,atata,GTTGACTAGTACCGGACTTG,atata
Gm42418,atata,AGCGTATAGATGTACTCCCA,atata
Gm5741,atata,GATTTCATCATTCGCGCGTT,atata
Gm8797,atata,ATGTGTATTCCTCGGAGGTT,atata
Gnai2,atata,CATGTTGGCTCCTATCGTTC,atata
Gnas,atata,CACGGTAACGCCAATATAGT,atata
Gnb4,atata,ACGGTAAGTCTACCTAAGCT,atata
Gng4,atata,TACTCGTGTGCAAAACCATG,atata
Gng8,atata,TTCGATATCGTCCCACTACT,atata
Gnrh1,atata,TAAACTTTACGAGTTCGCCG,atata
Gpd1,atata,CCTCTGTAAAGATCGTCGCT,atata
Gpm6a,atata,CTTGTGTGATGATCGAGCGT,atata
Gpr101,atata,ACAGTATCATTCTCGCGCTC,atata
Gpr26,atata,ATAATCGTGCAACAACGGTC,atata
Gpr83,atata,GTTTGTTTCCGTACGAGTCC,atata
Gpr88,atata,CTAACGAACCGCATCAAACT,atata
Gprc5b,atata,GTCGTATATGACCACGCATC,atata
Gpx2,atata,ACGCTTTTCGGAAGAAGTCA,atata
Gpx3,atata,CTTACGTACGCAACAAGAGC,atata
Gria2,atata,TTCGCTAAAGCTTCCGTTTC,atata
Grid2,atata,CAATGGGATCGTACCTGAAG,atata
Grik3,atata,GTAGTATGAACGGACTGCAC,atata
Grin2a,atata,CTCAACGTAACATCCACACC,atata
Grin2b,atata,CAGATTATGACGCGAATCGG,atata
Grin3a,atata,ATCATCTGACGGGAACGTTA,atata
Grm5,atata,AATACGATACCCGGTATGTC,atata
Gsg1l,atata,TAGTTAACCTCTTGCGCAAC,atata
Gsta4,atata,ATGGACTACGCTCTCTACTG,atata
Gstm1,atata,TTGGCGTAACTACTAATCGG,atata
Gucy1a3,atata,CTAAAAGAGTGATCCCGGTC,atata
Hap1,atata,TGTTCTTAATCGCCCAATGC,atata
Hapln1,atata,TTGTTACGTTTGGTCCCAAG,atata
Hapln4,atata,GTCGTGCATCCACTAAATCC,atata
Hcn1,atata,ACATGTAATTTCGGGGTGTC,atata
Hcrt,atata,AGATTAGGTGCCGACTGAAA,atata
Hcrtr1,atata,GTTAAATGCTAAACCGCTGG,atata
Hhip,atata,ACCGTTATAGCTACTCCTGT,atata
Hist1h2bc,atata,CATCCGCGCATCTCAAATTT,atata
Hk2,atata,TTGTATTTCCCCATCGATCG,atata
Hlf,atata,GAATAATCACGCCCGTTTCA,atata
Hopx,atata,TATAACGCAATTTCGCTGGT,atata
Hoxb8,atata,ATTGCCGAGTTTATGGCTTT,atata
Hpca,atata,ACGCTATTTTGTTCGGTACC,atata
Hpcal1,atata,TTGTCCGAGGGTCTATACAA,atata
Hs3st2,atata,GATGGTCCGTCTACGATCTT,atata
Hs3st4,atata,AGTCTCGTTTCATTACCGCA,atata
Hs6st2,atata,CATTCGTTGGCTTTACCGTA,atata
Hspa1a,atata,GCTCGGATAAGGTAGCTAAC,atata
Htr1a,atata,TCCGGCTGATATCATCGTTA,atata
Htr1b,atata,GCGAATCGAGTTCGTAGTTG,atata
Htr2c,atata,GTATTAGTCGATCGCAAGGG,atata
Htr3a,atata,TAGAGCACGGTTGTACGATT,atata
Id2,atata,TTGCTTATCGCTATTACGGC,atata
Ifi27l2a,atata,ATAACGATTCGTCTAGCCCA,atata
Ifitm10,atata,CGACTGCCGACATGATCTAT,atata
Igf1,atata,ATGCTACTGCCGTGATATGA,atata
Igfbp2,atata,GCTATCAGGTTACCGCAAAA,atata
Igfbp4,atata,GGCCGAAATAACGATATTGG,atata
Igfbp5,atata,TCGAGGTTATCGCATTCGAT,atata
Igfbp6,atata,GACTAGGAGTCGTTCCATCA,atata
Igfbp7,atata,GGTGCTGTCGTATCTTGAGA,atata
Igfbpl1,atata,AAACCTTTCGGTCGCTAAAC,atata
Il11ra1,atata,TAGTTAGAGCCTCCGTCAAT,atata
Impact,atata,AGCCGCAGTAAGGATATCTA,atata
Inhba,atata,TTCAACGGAGTTAATCGTGC,atata
Ipcef1,atata,AATGCTATCAGGTGTCGGTA,atata
Irs4,atata,GGAGAGCCGTTTTAACGATC,atata
Irx2,atata,TTCAGGCGTATCTTCGAGTT,atata
Isl1,atata,GTTACACTTATGACTCCGGG,atata
Islr2,atata,CTCATGAATTGCCACGGTAA,atata
Itm2b,atata,GTGATCGTCTTTAGCGTACG,atata
Itpr1,atata,GTTATAAGGGCATCCGTCAA,atata
Jsrp1,atata,GTGGGATGTACGTCATGAAC,atata
Junb,atata,CGTAACACGCTAATCGATCG,atata
Kcnab1,atata,GGGCCGTTTAGACTGTTAAT,atata
Kcnab3,atata,ATCGATGCGTTGCTTCAAAC,atata
Kcnc1,atata,GAGTGGTTGCGATCTAAAGC,atata
Kcnc2,atata,CAAGCGACAGTTCTCGTCAA,atata
Kcnc3,atata,GTTACGATCGGTGTGGATAC,atata
Kcnd3,atata,ATTGAGCTCGCACATCGATA,atata
Kcng1,atata,TCCGATTGTTCGTGACACTC,atata
Kcng4,atata,GAATATGCCTTAACGCCTCA,atata
Kcnip1,atata,CGGTGTCTATTCAAACGGAC,atata
Kcnip2,atata,GCGTAGTCGATATATTCGGC,atata
Kcnk2,atata,CGTAGGCGTATTAAGCTCAG,atata
Kcnk3,atata,TCTAAGTCGTCGTCAAGAGC,atata
Kctd12,atata,CTGGTCGGTATAGCACTAAC,atata
Kit,atata,ATTGTAGCAATCCCGCATTC,atata
Klhl13,atata,GTGCCGTAGTTACACTGTTG,atata
Krt12,atata,GCTAGCCCGTTAGTAACTAG,atata
Krt73,atata,GTGGACAGCGATCGTTTTAC,atata
Lamb1,atata,GCTCATGATACGTTACCTCG,atata
Lamp5,atata,GGTGGAGATCAATCGTTTCG,atata
Ldhb,atata,ATTAGCGTTTCGAGGTCGAA,atata
Lgals1,atata,CGCACGGATCTCTTAACTTG,atata
Lgi2,atata,ATTTGGTGTTACGACTACGC,atata
Lhx1os,atata,CTAGTGAGCGTACTACGTCT,atata
Lhx2,atata,TTTGGTCGCGTTACTCTAGA,atata
Lhx6,atata,ATTCTTATCATACGCAGCCG,atata
Lhx8,atata,GATTTGACACGGCTATCCTC,atata
Lingo1,atata,GACGTGGCTAACGCTATTTA,atata
Lmo1,atata,TGTACGCAAGTTCGGAAATC,atata
Lmo3,atata,TTATACGTACTCCCTGCTCA,atata
Lpl,atata,CCTGTGAGTAACGGTCAAAG,atata
Lrrc55,atata,TCTTAGCGTTGATGGAACGA,atata
Lsamp,atata,CGGTCGATGTTTCACTAACG,atata
Lxn,atata,TCTGTTGTCCGAGGTTCTTC,atata
Ly6d,atata,AGGGCTTTTATCGAACTACC,atata
Ly6h,atata,TACACTACCCTTCGTTCCTA,atata
Lypd1,atata,TGTTATACTACGCCGTATCG,atata
Lypd6,atata,ATTCCTACGTTCGCACAGAA,atata
Lypd6b,atata,CTGGATTCGTCGCAAGTTTC,atata
Maf,atata,ACTGAATAGCTTCTCGCGTT,atata
Mafb,atata,TTCTTGCCGTTAGTTCCTGA,atata
Mag,atata,GCTTTCGACGTGCAATTCTG,atata
Mal,atata,TTTATGCGCTGTTACGGAAT,atata
Maoa,atata,GTCACGTATGCGAGCAAAAG,atata
Maob,atata,TTCTCTTAGTAGAGGGCCAG,atata
Mapt,atata,ACTGCGACTTATTCCTTGGA,atata
Marcks,atata,GGTTCATATCCGCTATACCA,atata
Marcksl1,atata,TTATAACTTTGTCGGTGCCG,atata
Mbp,atata,GTTCGTGCCTAGTTCGTAAC,atata
Mdga1,atata,TTACAGTCGTCGGTCCTAAA,atata
Mef2c,atata,GATTTTGCTTCTAAGCGCGA,atata
Meg3,atata,GATTCACAGCTACTCGCGAT,atata
Megf11,atata,GTGACGAGGTCAACTCTGTT,atata
Meis2,atata,GCGCATGAGTATGAAACGTG,atata
Mgat4c,atata,GCCACTATATTGTAACGCCT,atata
Mia,atata,GGTCTAAGTCTCGACTACGT,atata
Mif,atata,CCTACCAATTCTCGGTTGTT,atata
Mobp,atata,GCGTATTCTAATCACTCGCG,atata
Mog,atata,GGAGTAAATGTTCGCACGTC,atata
Mpped1,atata,TAACTTACACCCGTGACAAC,atata
Mpped2,atata,ACTTTAGGTCTCGCGTTACT,atata
Msi2,atata,CATCTCGGCGTCTCATAGAT,atata
Msn,atata,GGCAATAAGTCGGTTCCATA,atata
Mt1,atata,GGAACTATTTGAGCCGGTAT,atata
Mt3,atata,CATGTAACTACGCGGACATC,atata
mt-Cytb,atata,GTTATCACTACGTTACCCCA,atata
mt-Nd1,atata,GTTATACAGAGTGCCCGAAC,atata
Myh7,atata,GTCGTAATAAGATCGTGCCC,atata
Myl1,atata,ATGACTCCTGAGCGATGTTC,atata
Myl4,atata,GATAGCGGTCACGTATGTAG,atata
Mylk,atata,GAACTTTGCTGATCGGTTGG,atata
Nap1l5,atata,CCACGAAGGCGATAAACTAT,atata
Nceh1,atata,TTTGAACCGTACAGAGCACT,atata
Ndnf,atata,AATCGCGCTAATATGCCAAG,atata
Ndst4,atata,GTGACGTCCTGACGATTTGA,atata
Ndufa11,atata,TCGTCGGTTTAAATACGTCC,atata
Ndufa4,atata,CTCCCTATGCTACGATTAGC,atata
Necab1,atata,CCATAGTATTGCGATAGGGT,atata
Necab2,atata,AGCACCGATTACAGCTCTAT,atata
Nefh,atata,TAATTACGGAGGACATGCAC,atata
Nefl,atata,TATCGCGACCCATCTAACTT,atata
Nefm,atata,CCTAATGCGGAGTCGTAATC,atata
Nek7,atata,TCGATTCAACTTACTCGGGT,atata
Nell1,atata,TACATACTCGCAACGGTTTC,atata
Neto2,atata,CATTGGACGCACACCTATAG,atata
Neurod2,atata,TAGCTACGATAGGCGTCTAT,atata
Neurod6,atata,TGGTTTATATACGTCACCCG,atata
Nfia,atata,AGAAATTGTAACGGTCCCTG,atata
Nfib,atata,CACCAATACGTAACGACCTT,atata
Nfix,atata,CACTCCCGGTTCTTACTTTT,atata
Ngb,atata,AAGTACCAAACGCCGTTATC,atata
Ngfr,atata,GCCTAACCGCATATTATTCC,atata
Nnat,atata,GATCATGCAATCAAGCGGAG,atata
Nos1,atata,TCTTACGTTCACGCACTAGT,atata
Nos1ap,atata,TAGCAGCGCAACTAAGTACT,atata
Nov,atata,GTCTAGTCCCTTAGTTAGGC,atata
Npas1,atata,GCTTATCTAGAGCGTCTCCT,atata
Npas3,atata,CGTTACTATGCTTCGACCTC,atata
Npas4,atata,TATCTCAAAAGCGGAGAGGT,atata
Npff,atata,TCCAGGTGATTACCGACTTA,atata
Npnt,atata,CAACGGACGACTAAATGGAG,atata
Nppa,atata,ATTCTAAGTCAACGACCCCA,atata
Nppc,atata,GCGGAGTTCGCTAACATATC,atata
Nptx1,atata,AGTCTGTAGGTACGGAGTTG,atata
Nptx2,atata,CCTATAGGTTCGTAGATGCG,atata
Nptxr,atata,CGGATTTTCGCGTGTAATGT,atata
Npw,atata,GTGATCGCTGTGCATGAATC,atata
Npy,atata,GTATACGCCAGCGAGTTATA,atata
Npy2r,atata,CATGGCATTCGTTGAAACCT,atata
Nr2f2,atata,TCAACGTTTTCCGAGATCGA,atata
Nr4a2,atata,GGATGTAAAACCTCGACGTG,atata
Nr4a3,atata,GTTTGTTGTCCTACCGTCAG,atata
Nrep,atata,TACACGACCCAAACTCTCTA,atata
Nrgn,atata,TGATCAACTAGTGTCGTCGC,atata
Nrn1,atata,CCGTTAGGGATATGCGTTAT,atata
Nrsn1,atata,CGGAATCGTAATCAGTGACC,atata
Nrsn2,atata,CTGACGGTTACATCGCTTTT,atata
Nrtn,atata,GCTTATTCAACTCGTGTCGG,atata
Nrxn1,atata,CTTATTGATGACGCTGAGGG,atata
Nrxn2,atata,GTATTGACATCGCGGATCAC,atata
Nrxn3,atata,GTCTAGTTTAACGCCGCTAA,atata
Nsg2,atata,TACGATAACTATGCCGTTCG,atata
Ntm,atata,GCTTATTATCGATACGCCGT,atata
Ntn1,atata,TTGTCGATTGTACCCGATTG,atata
Ntng1,atata,TAGCTGCGATCATACCAAGT,atata
Ntrk1,atata,AGGTTATTCCGAGCGATGTA,atata
