A,B
{'Itm2a'},"['TGCATGCTTACTCTCxxxATATAGCAGCCTCGTCGATTyyyGGCTCATCTGGGAGA', 'ATGATTCTTTCTCACxxxATATAGCAGCCTCGTCGATTyyyTTTTTTACTCATGTA', 'CTCCAAAGAATCTGGxxxATATAGCAGCCTCGTCGATTyyyCTTCCATTGTTATGA', 'GCAATTATTCACGACxxxATATAGCAGCCTCGTCGATTyyyGATAGCGATCCGGCG', 'TCCTCTTTCAACCTGxxxATATAGCAGCCTCGTCGATTyyyGCAAGCGCGATCCTC', 'ATGACAACATTGCCAxxxATATAGCAGCCTCGTCGATTyyyCTGATATCCGTGAGG', 'TCACCATGGTGAAGAxxxATATAGCAGCCTCGTCGATTyyyGCGCAGCCCGAAGAT']"
{'Mog'},"['TCTCTGAGAACCAATxxxGGAGTAAATGTTCGCACGTCyyyTTCTCCTACCTTATT', 'AGATGAAGGAGGCTAxxxGGAGTAAATGTTCGCACGTCyyyGAACGTGAGATTCTC', 'CCTTCTCAAGAGTGGxxxGGAGTAAATGTTCGCACGTCyyyGTTGGTACCGTTCTC']"
{'Slc1a3'},"['ATGACTACTACCATCxxxAGTCCGAACGTAGATTCCAGyyyGCTGTAGTCTATTAC', 'GTCATAACACCACTTxxxAGTCCGAACGTAGATTCCAGyyyCCCCAAAGAAACGAC', 'AGATTGTTGAGATGGxxxAGTCCGAACGTAGATTCCAGyyyTCTTGATCGCAGGGA', 'CCCATTTCTTCTGACxxxAGTCCGAACGTAGATTCCAGyyyAGTAGCTGAGAGGTT', 'TGCCTTCGTTCTGCTxxxAGTCCGAACGTAGATTCCAGyyyTTACCTGTTTCGGAA', 'TAGATGTCTAGGAAAxxxAGTCCGAACGTAGATTCCAGyyyGACAGTCTCTTCAAT', 'TGCCTATCCAGTCCAxxxAGTCCGAACGTAGATTCCAGyyyAAAGAAGCTTTAAAG', 'CTCATCTAGAGTGGAxxxAGTCCGAACGTAGATTCCAGyyyAAATCATTCAAAAGT', 'CAACTTTGACCTGAAxxxAGTCCGAACGTAGATTCCAGyyyCATCGCTCAAGTGAA']"
{'Fabp7'},"['ACCAGCATAGATGACxxxAGACACAACGTAGCCGATTAyyyGAAGAGTTTGAAGAA', 'CGTGACCAAACCAACxxxAGACACAACGTAGCCGATTAyyyTAGGCAAGTGGGAAA', 'AGAAATTAAGGATGGxxxAGACACAACGTAGCCGATTAyyyAACAAATTGTACCAG']"
{'Fn1'},"['AAAGATTCCATGATCxxxAGGTCACTATCGTAGTCACGyyyACTTATGAGCGCCCT', 'TTACAAAGTGGGTGAxxxAGGTCACTATCGTAGTCACGyyyATACACTGGGAACAC', 'GGGAGCATTGTTGTGxxxAGGTCACTATCGTAGTCACGyyyGTGACTTCAGACTCT', 'TGGTGACAGTTGGTCxxxAGGTCACTATCGTAGTCACGyyyGACTTCTCTCCTCAA', 'CAGCTTTGTGGTCTCxxxAGGTCACTATCGTAGTCACGyyyTGAAATCACAGCCAG', 'CTGGAGAACAAAGACxxxAGGTCACTATCGTAGTCACGyyyCACCATCACTATTAG', 'TGTGGAACTGACTGAxxxAGGTCACTATCGTAGTCACGyyyGACGGACCTACAGTT', 'TACGCCATTGGAGAGxxxAGGTCACTATCGTAGTCACGyyyTACACGGTTTCCCAT', 'TACAGGTTTACAGCCxxxAGGTCACTATCGTAGTCACGyyyTAGAAGCTACACCAT', 'CAAGGATTGGCTTCAxxxAGGTCACTATCGTAGTCACGyyyCCTGGACCCCCGCTC', 'GAGCCCGTATAGCAGxxxAGGTCACTATCGTAGTCACGyyyCGTGGACTCCACCTC', 'ACGTCATTGCCCTGAxxxAGGTCACTATCGTAGTCACGyyyCCGAGTACACCATCT', 'CCCAGTGTTCAGCTCxxxAGGTCACTATCGTAGTCACGyyyGCCCAGTGGATAGCA', 'TACAGTTCCAAGTTCxxxAGGTCACTATCGTAGTCACGyyyCCGACGAAGAGCCCT']"
{'Sparc'},"['TTGAGAAGGTATGCAxxxTTTCGTACGTTACCTGGTAGyyyCTCCCATTGGCGAGT', 'CCCCATGTGTGTGTGxxxTTTCGTACGTTACCTGGTAGyyyGGACGAGAGCAACAC', 'ATGGTATGTGTGTCTxxxTTTCGTACGTTACCTGGTAGyyyGTCCTGTCCCGGGTG', 'CCCAGCATCATGAGGxxxTTTCGTACGTTACCTGGTAGyyyCCTGTGCCGAGAGTT']"
{'Gfap'},"['CCTGCGATCTGGAGTxxxTCGGACTGACACGCTATTTAyyyAACTGCAGGCCTTGA', 'CTAAGTTTGCAGACCxxxTCGGACTGACACGCTATTTAyyyAGGAGTGGTATCGGT', 'AGATGATGGAGCTCAxxxTCGGACTGACACGCTATTTAyyyCGAGCGAGCGTGCAG', 'CCAGCTTCGAGCCAAxxxTCGGACTGACACGCTATTTAyyyGGCAGCTGAACTGAA']"
{'Gsn'},"['AAACTATGATGTGTGxxxGCAATGTTATCTATCGCGGAyyyATATGGCAAGCAGGA', 'CCTAAAGACTGTGCAxxxGCAATGTTATCTATCGCGGAyyyTGATGCCTATGTCAT', 'GACTGCTTCATCCTGxxxGCAATGTTATCTATCGCGGAyyyGCCCTGAGATCTGAG', 'GCGAGCTTATGCAGGxxxGCAATGTTATCTATCGCGGAyyyTCGAAGAGGTTCCTG', 'GAGACTTCTTCACGGxxxGCAATGTTATCTATCGCGGAyyyCCCCCAACCTCTATG', 'AGAAGTTTGACCTGGxxxGCAATGTTATCTATCGCGGAyyyAGATCTGGCGTGTGG', 'ACAAATTTGAAAGGCxxxGCAATGTTATCTATCGCGGAyyyGTGGCTCTGGCAGCA']"
{'Car2'},"['TGTAAATGAGGATGTxxxACTTTCGATTGGGTTCTCGTyyyTTTGATTTCTAGAGG', 'CTTTAACGTTGAGTTxxxACTTTCGATTGGGTTCTCGTyyyCAACAACGGCCACTC', 'GTGAAAAGCAAGACCxxxACTTTCGATTGGGTTCTCGTyyyGCTTACTAACAAAAT', 'AAGTAACTTAGGCAAxxxACTTTCGATTGGGTTCTCGTyyyTCATGAGACAAACTG', 'CTGTGGACATTGACAxxxACTTTCGATTGGGTTCTCGTyyyGAGACCGGCAGTCCC', 'CTTCCCCATTGCCAAxxxACTTTCGATTGGGTTCTCGTyyyGAACTGGCACAAGGA', 'ACTTCAATGAGGAGGxxxACTTTCGATTGGGTTCTCGTyyyATTTCCGTACGCTGA', 'TGGCTGTTTTGGGTAxxxACTTTCGATTGGGTTCTCGTyyyAGCAACCGGATGGAT']"
{'Apod'},"['CCAACTACTCGCTGAxxxCTGAGAGGTCCGTCTTTCTTyyyGAAACTGCATTCAAG', 'CTTAGTTCCTGTTGTxxxCTGAGAGGTCCGTCTTTCTTyyyCACCCCACAAGTTCA', 'GGCAGATGGTTGGAAxxxCTGAGAGGTCCGTCTTTCTTyyyGCAAGAGTCATGGTC', 'GCATCGACATCGAAAxxxCTGAGAGGTCCGTCTTTCTTyyyTCCTTACTTCTAATG', 'TAAAGTGACTTGGGAxxxCTGAGAGGTCCGTCTTTCTTyyyCCTGATGGGAGCCTA', 'GCACCCTACTGGATCxxxCTGAGAGGTCCGTCTTTCTTyyyCCGTTGATGCCACCG', 'CTTGGAGGATTCTGGxxxCTGAGAGGTCCGTCTTTCTTyyyAAGCCACACACCTCA']"
{'Ecrg4'},"['ACTACTATGGTGACTxxxGTTTACGAATGCGACTGGAAyyyATCGAAACGGCCATG', 'TAGCCGAGAACACAGxxxGTTTACGAATGCGACTGGAAyyyAGACTAATGTAGCTG', 'CCTGCTTCAGTAGGCxxxGTTTACGAATGCGACTGGAAyyyCCCACAGAGCTTGTG']"
{'Dbi'},"['AGCTGAAAGGGACTTxxxGTACGTAGACGTATGGCATCyyyGGGACTCGTGGAACA', 'CAGCGTTAACCTCTGxxxGTACGTAGACGTATGGCATCyyyGTGATACATTAGGGC']"
{'Flt1'},"['CACCCAGCATGTCATxxxTGATATCTTCACCGGACGAAyyyACTGAGTTTAAAAGG', 'GAAGGAAGACAGCTCxxxTGATATCTTCACCGGACGAAyyyCTTGTGCACATGACG', 'CACTGACATACCCAAxxxTGATATCTTCACCGGACGAAyyyTTTCATAGAGATGCA', 'AGTTAAAAGTGCCTGxxxTGATATCTTCACCGGACGAAyyyATGGCTCAGGGTCGA', 'CATGAAAGTGAAGGCxxxTGATATCTTCACCGGACGAAyyyGTCCTATCGGCTGTC', 'TTTCTCAAGTGCAGAxxxTGATATCTTCACCGGACGAAyyyGCAGGCCAGACTCTC', 'CTGCTTCTCACAGGAxxxTGATATCTTCACCGGACGAAyyyGCGCTGCTCGGGTGT', 'CTTTCACGTTTCCTTxxxTGATATCTTCACCGGACGAAyyyAGATGTGCCGAATGG', 'AGTGCTAGTGGTGGTxxxTGATATCTTCACCGGACGAAyyyACACTCCCGGGAGGT', 'AACCTTGTCATCAAGxxxTGATATCTTCACCGGACGAAyyyTACTCCATCACTCTG']"
{'Vat1l'},"['TTCTGGGATTGTTGAxxxCAACGTGATGACCGCATTAAyyyGCCAGGATTCGAATG', 'ACACCAGTTACCACAxxxCAACGTGATGACCGCATTAAyyyTCGGCTTTGGAAGTA', 'CCCATTCCATGCAGTxxxCAACGTGATGACCGCATTAAyyyGAATTAAGTGCCAAT', 'TTATAAACCTAGGGAxxxCAACGTGATGACCGCATTAAyyyTTCTCTGGTTCTTAT', 'GGCAACATTGACAACxxxCAACGTGATGACCGCATTAAyyyCTGATGGTGCGACAG', 'ACAAGTGCATGATCCxxxCAACGTGATGACCGCATTAAyyyGCCCATCATCTGACG']"
{'Sirt2'},"['CAGGCAAGAAGCAGCxxxCTTAGGATAATGCGTCGGACyyyTAGCCTCTAACCACC', 'GGCTGGATGAAAGAGxxxCTTAGGATAATGCGTCGGACyyyAAAGAATACACGATG', 'CTTCTACACATCACAxxxCTTAGGATAATGCGTCGGACyyyGGAGGCCCACGGCAC', 'TCCCCAACTCAATCCxxxCTTAGGATAATGCGTCGGACyyyTTCTTGAAATCAGGG', 'ACCCTTCTTTGCCCTxxxCTTAGGATAATGCGTCGGACyyyCAAGAAACATCCGGA']"
{'Epas1'},"['CGCAGCAGTTGGAAAxxxAGATGGAACGATTAGCTGCTyyyTCCTCGATAAGTACC', 'ACGGACTTCAGTGAAxxxAGATGGAACGATTAGCTGCTyyyCCGGGCAGTACCCAG', 'TTGTTCTTGTTGCCAxxxAGATGGAACGATTAGCTGCTyyyTCAACTCAAGTGTTC', 'GGAAAACATCAGCAAxxxAGATGGAACGATTAGCTGCTyyyCATGATCTTTCTGTC', 'CAAGAGTACAGTAAGxxxAGATGGAACGATTAGCTGCTyyyACAAAGCCCATCAGG', 'CACCAAACTGAAGGAxxxAGATGGAACGATTAGCTGCTyyyGAGCAACTACCTGTT', 'GTACGTGTGTGCTGTxxxAGATGGAACGATTAGCTGCTyyyTTCTCAGTGTATTAT', 'CAAATGTAGTGACCTxxxAGATGGAACGATTAGCTGCTyyyGCAAGTTAGGATTCA', 'AGGTAGAACTAACAGxxxAGATGGAACGATTAGCTGCTyyyTCATGGGACTTACTC', 'GGATAACTTGTACCTxxxAGATGGAACGATTAGCTGCTyyyGGCCGACCAGCAAAT', 'GCACTGAAAATCGTGxxxAGATGGAACGATTAGCTGCTyyyCTGAACAGGTAGAAA']"
{'Gng12'},"['ACAGGATGCACAACAxxxTAACAATTTGCCGACACGTGyyyGCCTGTGTTTCATCT', 'AGCTAGATGTCTATGxxxTAACAATTTGCCGACACGTGyyyTGTTGACTTACTTAT', 'GTCGAGAATCACTTCxxxTAACAATTTGCCGACACGTGyyyCCGGCAAATTAAAAT', 'CCTGGTCAGTCCTGTxxxTAACAATTTGCCGACACGTGyyyACCAGTGGTCGATGG', 'AGCCTGTAAGCAGGAxxxTAACAATTTGCCGACACGTGyyyTTTTCTTTCATCGTA', 'ATTCATCGTTTACACxxxTAACAATTTGCCGACACGTGyyyGAGTTAATAATTCTC', 'CAGGTTCTCTTCTGAxxxTAACAATTTGCCGACACGTGyyyAAGATCTGATTCCCG', 'ATGCTGTTCTCACTCxxxTAACAATTTGCCGACACGTGyyyCATTATAATGAGTTG', 'AGACCCTGAAGTCTCxxxTAACAATTTGCCGACACGTGyyyTTCTCTCGGAATAAT', 'CTGGAATGGAAGAGGxxxTAACAATTTGCCGACACGTGyyyCTTCCACCCTCATGA']"
{'Gpr17'},"['ACATCTGTAACCTCAxxxTACTTGTTAACCTATGCGGGyyyAGGGTACAGCAGTGC', 'CCCTGTCAAGTCCCTxxxTACTTGTTAACCTATGCGGGyyyCCTGGCCATTGTGCA', 'CAAATAGCATTTGGAxxxTACTTGTTAACCTATGCGGGyyyATCCGCAGCATGGAG', 'AGCCCTTCAAGCCTTxxxTACTTGTTAACCTATGCGGGyyyTTCATTGCCACTTAA', 'TCATTCAACTTCTCTxxxTACTTGTTAACCTATGCGGGyyyGAAAAGATACATGAG', 'CCATGTGAATGCTGGxxxTACTTGTTAACCTATGCGGGyyyGGCAACCTGGTCCAG', 'TGCTTGCTAAGTGCTxxxTACTTGTTAACCTATGCGGGyyyCACTTGTCCCCGTCC', 'AAGCCACATGCAGCTxxxTACTTGTTAACCTATGCGGGyyyAACTTCCTTCCCCTA', 'TGACAAATTCACCTGxxxTACTTGTTAACCTATGCGGGyyyTGATCACGCGGCCAA', 'ACACAGAAATCTCACxxxTACTTGTTAACCTATGCGGGyyyAGGGAAGCTAGCACA', 'TTAGCAGAGTGCAAAxxxTACTTGTTAACCTATGCGGGyyyTCTAGCCCATGTGAC', 'AATGTACTTGATAGCxxxTACTTGTTAACCTATGCGGGyyyTGTGGTGACCGCTCT', 'ACTTCAGTACTGGCTxxxTACTTGTTAACCTATGCGGGyyyTCCCCAGGCTAAGGA', 'CCACCATCTGAAGCTxxxTACTTGTTAACCTATGCGGGyyyCAGCGCTTCAGTCAG', 'CACGCCTTGTGCAACxxxTACTTGTTAACCTATGCGGGyyyGCTGAGAAGTTCCGC', 'CTGGCTTCCTCTTCTxxxTACTTGTTAACCTATGCGGGyyyTCCCATGCCGACTCA', 'CTGGCTTTGTCCTCTxxxTACTTGTTAACCTATGCGGGyyyTCTTGAGTTATCTGA']"
{'Cd81'},"['CGCTCAACTGTTGTGxxxGTGAGCGTTAACCCACATTAyyyAGACTTTCCATGAGA', 'GGCCCTTCAGCAAGCxxxGTGAGCGTTAACCCACATTAyyyGCAGTTCTATGACCA', 'GGTCACATTGCTCACxxxGTGAGCGTTAACCCACATTAyyyACTCAACCCACTGTG', 'CTAGGTGTAGCTCTGxxxGTGAGCGTTAACCCACATTAyyyGCTGGAGGCGTGATC']"
{'Vtn'},"['GACGAGCTTTGCACTxxxCACATTTTGTCGTGGAGTGCyyyAAGAAGTGTCAGTGT', 'GTGCCGACTACATGGxxxCACATTTTGTCGTGGAGTGCyyyACTATCAGAGCTGCT', 'TGATTATTGGAGCTAxxxCACATTTTGTCGTGGAGTGCyyyCACTATGCCAGAGGA', 'ACCTCTGAGAAGTAGxxxCACATTTTGTCGTGGAGTGCyyyTGGCTGGGCTGCCCG', 'TCAGGGTTTCATGGCxxxCACATTTTGTCGTGGAGTGCyyyCAAGGGCCGCTGCAC', 'ACCCCTGAGTTTCCAxxxCACATTTTGTCGTGGAGTGCyyyACCACTGATCAAGGG', 'TAGGAACTCTTCTTCxxxCACATTTTGTCGTGGAGTGCyyyAGAAACCCAGGGAAC', 'CAGTGGCATACCAGAxxxCACATTTTGTCGTGGAGTGCyyyCATCTCCGAAGGCTT']"
{'Sostdc1'},"['ATTTGATTGCTTGGAxxxGTAGTCATGAACAGCGGTTGyyyGCATCTGCTACCCAG', 'ATACGCTGTAATCGCxxxGTAGTCATGAACAGCGGTTGyyyTTGTAAAATAAAGTT', 'TAGCGTGGTTTTCTGxxxGTAGTCATGAACAGCGGTTGyyyGTTCACCATCATCAT', 'TCCTTTGCAAGTGTCxxxGTAGTCATGAACAGCGGTTGyyyTCTGGGACTAGCTTT', 'AGTCCACAGTGCAGAxxxGTAGTCATGAACAGCGGTTGyyyGGGAAGGGATTCCAC', 'CTTTGATCAAGCCCAxxxGTAGTCATGAACAGCGGTTGyyyAGTATATGCTTTCTG', 'GATCGAAACAGTCGAxxxGTAGTCATGAACAGCGGTTGyyyAGTAGCACTGGACTG', 'TCTTCAATGCCATTGxxxGTAGTCATGAACAGCGGTTGyyyCAGATGGCAGCTTGA', 'CGCTGTTGTCCTTGCxxxGTAGTCATGAACAGCGGTTGyyyATAAACACTGCTCAA', 'GAACCAGAGAAGTTCxxxGTAGTCATGAACAGCGGTTGyyyAAACTAAATCCCTCC']"
{'Trf'},"['CGATGCTATGACCTTxxxAGGGACGAGTATTTGAACGAyyyTTCTGCAAGTGAAGC', 'AGGGAACAGACTTCCxxxAGGGACGAGTATTTGAACGAyyyTGGCTGTGGTAAAGA', 'TGCTCTTCTGTAAGCxxxAGGGACGAGTATTTGAACGAyyyTCATCCCCATTGGCT']"
{'Marcks'},"['AATAATGTTCCTCTAxxxGGTTCATATCCGCTATACCAyyyCAGCATTAGCCTTTC', 'ATAAGGAAGTAATGGxxxGGTTCATATCCGCTATACCAyyyCATGGACAGGTTTCT', 'TTTCCACCATTCCGAxxxGGTTCATATCCGCTATACCAyyyCATCTCAGATAGTTG', 'TGTGGAGTTCAGACTxxxGGTTCATATCCGCTATACCAyyyTATAATCAGGAAGAA']"
{'Aqp4'},"['TGCTCTAACCCCACTxxxswap!yyyAGGCAATGTGTGCAC', 'GCATTCAGTATGGTAxxxswap!yyyTCATTTCCAGTGACA', 'TCATGTGCATTCAGGxxxswap!yyyCAGTATGTCACAGAA', 'GGCAGCATATGCCTCxxxswap!yyyCCAGAAAGGCACGAG', 'AAATTTCAAGGTGGTxxxswap!yyyACACAGACACACCAC', 'TCTTTCAAAATCCTGxxxswap!yyyCACATTTCTGATTAC', 'TCTCCCATACTGCTTxxxswap!yyyTTAAAACCATTTATT', 'CTGTCAGAACCTAACxxxswap!yyyTATTTATATATCTGA', 'ACTTGATCCTGAAGCxxxswap!yyyAAGTGGAGACGGAAG', 'ATTTATACGAGCCATxxxswap!yyyAGGAAGACATAAAAG']"
{'Ctss'},"['GAGGAACCAAGTGTGxxxCCTGTTCGATACGGTTTTGTyyyTGCCTGCAATATCCA', 'ATGCATACCTACCAAxxxCCTGTTCGATACGGTTTTGTyyyGAATATTCTATGGGA', 'AAACCCATGAGAAAGxxxCCTGTTCGATACGGTTTTGTyyyGGGATCTCTGGAAGA', 'ATGGTGTTCTTGTGGxxxCCTGTTCGATACGGTTTTGTyyyCGGGCAATGTGAATC', 'CACACTTCAGGATGAxxxCCTGTTCGATACGGTTTTGTyyyCTTTGGAGTGAGCAC', 'TCACTTTCAGGTCATxxxCCTGTTCGATACGGTTTTGTyyyAGTCTCCGAAGACTG', 'TGGGAGACATGACCAxxxCCTGTTCGATACGGTTTTGTyyyTGGGCATGAACGATA', 'GCCTGACACTGTGGAxxxCCTGTTCGATACGGTTTTGTyyyCTCTAATCGGACATT']"
{'Bsg'},"['ACTCGGGAAACCATCxxxACGGTTACTCTAGCAGCTAAyyyAACGCCCAGGGCACT', 'ACCCTCCTATTACAGxxxACGGTTACTCTAGCAGCTAAyyyAGTCCGATGCATCCT']"
{'Fbln5'},"['GGAGTGTTATTTGCCxxxAACGTGTTCGTAGCCATAAGyyyACAGTCTTGGACTCA', 'ATCGGGACATGGATGxxxAACGTGTTCGTAGCCATAAGyyyCATTCACCATCCTGT', 'CAGGCATCCTGAGTTxxxAACGTGTTCGTAGCCATAAGyyyAGGCACCCTCTAATT', 'CAGGTTAGATGGCTGxxxAACGTGTTCGTAGCCATAAGyyyGCACAGAGAAGAGAT', 'TTTGGAACTAGACTCxxxAACGTGTTCGTAGCCATAAGyyyTTCCAAGGTGCTATA', 'GATGTAAAGAGCACAxxxAACGTGTTCGTAGCCATAAGyyyGTTTCTCCCCAGGCA', 'GCCACAACACATCTCxxxAACGTGTTCGTAGCCATAAGyyyCAGAGTGTGTCTCAC', 'TTTATTCTGAGCCAAxxxAACGTGTTCGTAGCCATAAGyyyACTGTGCACAAATTG', 'CGAAGACACACCTGAxxxAACGTGTTCGTAGCCATAAGyyyGTGTTCCTTAAGACC', 'TGCTTTCTTATGTGGxxxAACGTGTTCGTAGCCATAAGyyyAAGATTTTTTATAGA', 'TCAAAACATCACTGAxxxAACGTGTTCGTAGCCATAAGyyyCATTGGATTGCTCTT', 'CTAGTTTGCTTCTTGxxxAACGTGTTCGTAGCCATAAGyyyAAATGCTGGGAATAG', 'AATCCATAGGCTTTCxxxAACGTGTTCGTAGCCATAAGyyyTGTATACTACCCCCA', 'TACCTGTTACCCTTCxxxAACGTGTTCGTAGCCATAAGyyyGGCACAGAATCCTTC', 'TGCTGACATCTTCCAxxxAACGTGTTCGTAGCCATAAGyyyAGGACGCTCCGTTCC', 'GCCTTATCTGCTGATxxxAACGTGTTCGTAGCCATAAGyyyCATCAGCTGTGAGGA', 'GAGGACCAAACCCAAxxxAACGTGTTCGTAGCCATAAGyyyGCAGAGTGTGTACTG', 'AGGCCTCTGACACTGxxxAACGTGTTCGTAGCCATAAGyyyCTGAGCCTCTGGCTA', 'TGAATCAAGATGGCAxxxAACGTGTTCGTAGCCATAAGyyyAACCTCCTTCATAAC', 'GTCACTCTGAAGGACxxxAACGTGTTCGTAGCCATAAGyyyGTACTATTGCAGATG', 'GCATGGTGTTCAGCTxxxAACGTGTTCGTAGCCATAAGyyyGCATTGCCCACATGT']"
{'Lyz2'},"['GTCTTTCTTAGAGCTxxxAAACAGGTCGTTTAGCGTTGyyyGGGAACCCGTGACCT', 'CGGTCTCTTTCTCACxxxAAACAGGTCGTTTAGCGTTGyyyCTACTGCAGCTCATT', 'TGGGTGTGTTTAGCTxxxAAACAGGTCGTTTAGCGTTGyyyGTCAGCCTGGCCGAC', 'GTGAGTTTGCCAGAAxxxAAACAGGTCGTTTAGCGTTGyyyAGGTCTATGAACGTT', 'CGGGAAGGTTTCTGAxxxAAACAGGTCGTTTAGCGTTGyyyGCCTCTGTGGTGGGC', 'CACCTCTGTAGGTCAxxxAAACAGGTCGTTTAGCGTTGyyyTGATCACCACACAGA', 'GTGGATGAGAACTGAxxxAAACAGGTCGTTTAGCGTTGyyyGGCACAGGAGTCTCA']"
{'Cldn5'},"['ATCGGTGAAGTAGGCxxxTCTTATGACTCGTAGCGCAAyyyGAACGCTCAGATTTC', 'CCTGAGTTCAGCTTCxxxTCTTATGACTCGTAGCGCAAyyyGTCTGCACCGGGCGC', 'ACCTCCTCTTCTGCTxxxTCTTATGACTCGTAGCGCAAyyyGTTGGTGTAGTTAAA', 'TGGGCTTGATCCTGGxxxTCTTATGACTCGTAGCGCAAyyyGTCTGGTAGGATGGG']"
{'Mag'},"['GAGCCTGTACCTGGAxxxGCTTTCGACGTGCAATTCTGyyyGGAGGCAGTTGCCAA', 'GCCTACGAAACTGTAxxxGCTTTCGACGTGCAATTCTGyyyTATTGGGAGACCTGG', 'TCCCTTTCCTGGTCTxxxGCTTTCGACGTGCAATTCTGyyyTGTTATTTATTGCTA', 'CCTGCCGTTTCGACTxxxGCTTTCGACGTGCAATTCTGyyyCGTGTGTCTCCATTC']"
{'Tspan2'},"['ATATCTGTTTCCTGGxxxGATGATTTATCACGCGCGACyyyGCATTGCACATACTG', 'CTTAACAAGTTCACAxxxGATGATTTATCACGCGCGACyyyATCTTAGTGTATCTT', 'TATGTTATGAGTACCxxxGATGATTTATCACGCGCGACyyyCCATAACTCAGATAT', 'ATTTGCACATGTATGxxxGATGATTTATCACGCGCGACyyyTTCTGTCAACTGTAT', 'CCTCTGGAATACCTCxxxGATGATTTATCACGCGCGACyyyCTGGCACTGTCTGTA', 'GTTTAAGGAAAACCAxxxGATGATTTATCACGCGCGACyyyTGGGTGAGTGAATAA', 'CCATAGATTGACTGTxxxGATGATTTATCACGCGCGACyyyAGAAGAATTGAAGGG']"
{'Ptgds'},['ATATGTGCAAGACAGxxxCTCGTGCCGTGAAACTTTAAyyyAGAAAGCTGTATTGT']
{'Slc6a11'},"['CTCTATTTGCCCAATxxxGGTCCGAAAACGCTCTTATTyyyTCAGAGACCTGAATG', 'TAGGATCTATGGCCAxxxGGTCCGAAAACGCTCTTATTyyyCCAGGATCTATGGCT', 'GCATTATGTCTCCTGxxxGGTCCGAAAACGCTCTTATTyyyCTCCGTTGGGAACTG', 'TACAGTGACTAGCAGxxxGGTCCGAAAACGCTCTTATTyyyACCAAGATAATTCTG', 'AGATTTATCTGAGGAxxxGGTCCGAAAACGCTCTTATTyyyTTACTGTAGTTTCCT', 'TTCTCTTCTCTGTCCxxxGGTCCGAAAACGCTCTTATTyyyAGACTTGTAGACCTC', 'GCACCATCTCTGCCAxxxGGTCCGAAAACGCTCTTATTyyyAGGTCAAGGGCGACG', 'TTCTGCATATGGAAGxxxGGTCCGAAAACGCTCTTATTyyyTGGACCATCTGCTAC', 'ATGGCATTGAGCACAxxxGGTCCGAAAACGCTCTTATTyyyTCTTGGCTATATCCG', 'CTTCCACTTGCCAGAxxxGGTCCGAAAACGCTCTTATTyyyTCTGAGAAGCCTTCA', 'TGTTCTTCATGATGCxxxGGTCCGAAAACGCTCTTATTyyyCACTGTGGGCCACCT', 'GAGTCTTGTGACAGCxxxGGTCCGAAAACGCTCTTATTyyyGTTTGTGTGCGTGGA', 'CTCAATGTCTACTACxxxGGTCCGAAAACGCTCTTATTyyyGTGATCGAGGCACAC', 'GTCGTAAGACAGAGAxxxGGTCCGAAAACGCTCTTATTyyyCTTCCACATGTCAAT', 'TGGAACAACAAGGTGxxxGGTCCGAAAACGCTCTTATTyyyCACGAGCGCGGCCAC']"
{'Hexb'},"['AACTAACCTTACTCCxxxTAACGCACAATTCGCTGAACyyyAGAATTTGTGGATGC', 'GAGCCACAGTTGCAGxxxTAACGCACAATTCGCTGAACyyyGCTAGATTTCGAGCT', 'GACCTGATCAGCTATxxxTAACGCACAATTCGCTGAACyyyGCTCCTTGGTACTTA', 'GCTCTGAGAAGCAGAxxxTAACGCACAATTCGCTGAACyyyCCCTTAATTTTGAAG', 'GTTTCTACAAGAGACxxxTAACGCACAATTCGCTGAACyyyACAACTATGTTTTTG', 'GAGGACTTCAGCATCxxxTAACGCACAATTCGCTGAACyyyTTGTACATCTCCGCG']"
{'Selenop'},"['CCAGATTGGAAGACCxxxATATGTGTTGCGCTCCTTACyyyGTCTTCTGCAGGCAT', 'CTTACTGTGAGGAGAxxxATATGTGTTGCGCTCCTTACyyyAAGCCATTAAGATCG', 'TTGAAGATGAAGACTxxxATATGTGTTGCGCTCCTTACyyyGCAATCTCACGAGTC', 'CTGCATGTATCTGTGxxxATATGTGTTGCGCTCCTTACyyyCTAGCTTGAGTTGCA', 'GGCAAAGTGACAGTGxxxATATGTGTTGCGCTCCTTACyyyATGCTAAACTCAGAG', 'GAAAGTCACTGAATCxxxATATGTGTTGCGCTCCTTACyyyGCTTTTCGCGGAGGA', 'GGTACATAGGAGATCxxxATATGTGTTGCGCTCCTTACyyyACAAAGCCCCGGAGT', 'ACCCCATGGAAGCCAxxxATATGTGTTGCGCTCCTTACyyyAAAATCAGCCCATGA', 'AGCAAGAATGGAGTAxxxATATGTGTTGCGCTCCTTACyyyTGGCTAATACGACTA', 'GGCACCTGAAAAGTGxxxATATGTGTTGCGCTCCTTACyyyAGATTTGTACAATAG']"
{'Cdhr1'},"['TAACAAGAGTGGCAAxxxTGTGTTTAATGACGCGAAGCyyyGCCCCTGGCCACAAG', 'TAGACAGAGAGCAGAxxxTGTGTTTAATGACGCGAAGCyyyAAGGTGACCTCTTCC', 'TCCAGCTTCTGGACAxxxTGTGTTTAATGACGCGAAGCyyyCAGCAGACATTGTGA', 'GTGAGCTTTGTAGGAxxxTGTGTTTAATGACGCGAAGCyyyTGAAGTTGAAAGTCA', 'GTCCAGGAAAAGACAxxxTGTGTTTAATGACGCGAAGCyyyCAGTTTGTACAGAGC', 'GTGCCCAAAGCCACTxxxTGTGTTTAATGACGCGAAGCyyyAAGCTCATGTTGACT', 'GGTTTTCTTGCTCACxxxTGTGTTTAATGACGCGAAGCyyyATTGTATGAACATGT', 'GTAGGTTCTCATGTGxxxTGTGTTTAATGACGCGAAGCyyyCCAGAAGACACTCCT', 'GGGTTATTGACTCCAxxxTGTGTTTAATGACGCGAAGCyyyGGAAATGACTCTCTA', 'TGAGCTTAGGGAAGGxxxTGTGTTTAATGACGCGAAGCyyyGGTGGATATCAAGCT', 'GAAGCCAGTAATCTGxxxTGTGTTTAATGACGCGAAGCyyyACAAAGTATTTGTTG']"
{'S100b'},"['AGCTTGGTTTGCTTTxxxTTACTCTCGGTCCGTGATAAyyyCATAACTAATTAGGA', 'TCTTTGAACATGAGTxxxTTACTCTCGGTCCGTGATAAyyyCGGCCTGCCATGAGT', 'AAGTCTCTTCTTCCAxxxTTACTCTCGGTCCGTGATAAyyyAGCACAGCCACACTT', 'GACACTGAAGCCAGAxxxTTACTCTCGGTCCGTGATAAyyyCACTCCTGTTACTCG', 'CCAGGAACTGTTGGTxxxTTACTCTCGGTCCGTGATAAyyyGTGAGCTGACTGGTC']"
{'Ttr'},['AGTCCTGGATGCTGTxxxTATCGTTGAGGTCCCACTTTyyyTCCTCTGATGGTCAA']
